UserID,Action,Timestamp,AssetID,Risk Score,Success,AssetType,RiskLevel,Role,Department,ZeroTrustPolicy,ControlID,ControlType,Status,MITRE_Tactic,Password Age,Role Risk Weight,Enhanced Risk Score,At Risk
user_76,Network Access,2025-01-01 00:00:00,asset_34,27,True,Switch,Low,Manager,Finance,Require MFA,,,,,162,0.7,0.32534281361097006,False
user_55,File Access,2025-01-01 01:00:00,asset_50,27,False,Router,Medium,Admin,IT,Role-based Access,,,,T1086,148,0.9,0.5430336888437448,False
user_56,File Access,2025-01-01 02:00:00,asset_64,4,True,Firewall,Low,Intern,Sales,Require MFA,,,,T1086,29,0.3,0.04037582529202641,False
user_53,Admin Action,2025-01-01 03:00:00,asset_1,6,False,Switch,High,Contractor,Sales,Segregation of Duties,,,,T1071,81,0.6,0.35453699001185035,False
user_13,File Access,2025-01-01 04:00:00,asset_47,20,False,Switch,High,Contractor,Marketing,Segregation of Duties,,,,T1086,88,0.6,0.4047824614863721,False
user_63,Login,2025-01-01 05:00:00,asset_94,98,True,Workstation,Medium,Intern,Sales,Least Privilege,control_2,Least Privilege,Enabled,T1071,71,0.3,0.37215168444218727,False
user_56,Network Access,2025-01-01 06:00:00,asset_64,25,True,Firewall,Low,Intern,Sales,Require MFA,,,,,53,0.3,0.13082783138649062,False
user_76,File Access,2025-01-01 07:00:00,asset_25,83,False,Router,High,Manager,Finance,Require MFA,,,,T1086,168,0.7,0.7017436939224648,True
user_17,Login,2025-01-01 08:00:00,asset_97,83,True,Router,Low,Intern,Sales,Least Privilege,control_2,Least Privilege,Enabled,T1071,153,0.3,0.4183172507194854,False
user_6,Privilege Escalation,2025-01-01 09:00:00,asset_54,54,True,Router,Low,Admin,HR,Least Privilege,control_2,Least Privilege,Enabled,T1098,135,0.9,0.41032673099712214,False
user_51,Admin Action,2025-01-01 10:00:00,asset_15,92,True,Workstation,Medium,Admin,Sales,Require MFA,,,,T1071,138,0.9,0.5288302014558999,False
user_90,Privilege Escalation,2025-01-01 11:00:00,asset_100,80,True,Database,Medium,Manager,Finance,Least Privilege,control_2,Least Privilege,Enabled,T1098,157,0.7,0.4803622820382597,False
user_46,Network Access,2025-01-01 12:00:00,asset_91,85,True,Switch,High,Manager,Finance,Least Privilege,control_2,Least Privilege,Enabled,,119,0.7,0.45305569663111567,False
user_12,Network Access,2025-01-01 13:00:00,asset_68,14,True,Router,Medium,Manager,Finance,Segregation of Duties,,,,,143,0.7,0.264719823937701,False
user_43,Admin Action,2025-01-01 14:00:00,asset_79,96,True,Database,Medium,Manager,Sales,Role-based Access,,,,T1071,77,0.7,0.439461655662773,False
user_89,Admin Action,2025-01-01 15:00:00,asset_96,38,False,Switch,Medium,Admin,Marketing,Least Privilege,control_2,Least Privilege,Enabled,T1071,75,0.9,0.49480277636702225,False
user_86,Login,2025-01-01 16:00:00,asset_13,8,True,Switch,Medium,Employee,Finance,Require MFA,,,,T1071,178,0.5,0.2523108176739462,False
user_15,File Access,2025-01-01 17:00:00,asset_32,41,False,Router,High,Employee,Sales,Least Privilege,control_2,Least Privilege,Enabled,T1086,85,0.5,0.4484002031488065,False
user_62,Privilege Escalation,2025-01-01 18:00:00,asset_75,7,False,Server,Low,Employee,IT,Role-based Access,,,,T1098,180,0.5,0.45151515151515154,False
user_96,Network Access,2025-01-01 19:00:00,asset_13,73,False,Switch,Medium,Manager,Marketing,Role-based Access,,,,,55,0.7,0.5451836803792112,False
user_87,Network Access,2025-01-01 20:00:00,asset_99,69,True,Router,Medium,Contractor,Finance,Segregation of Duties,,,,,165,0.6,0.4393008295242932,False
user_64,Network Access,2025-01-01 21:00:00,asset_13,83,False,Switch,Medium,Manager,IT,Least Privilege,control_2,Least Privilege,Enabled,,37,0.7,0.5553749788386659,False
user_55,Login,2025-01-01 22:00:00,asset_8,90,False,Switch,High,Admin,IT,Role-based Access,,,,T1071,98,0.9,0.6780768579651262,False
user_38,Privilege Escalation,2025-01-01 23:00:00,asset_31,74,False,Database,Low,Intern,Marketing,Segregation of Duties,,,,T1098,24,0.3,0.4469104452344676,False
user_79,File Access,2025-01-02 00:00:00,asset_20,4,False,Firewall,High,Contractor,Sales,Require MFA,,,,T1086,155,0.6,0.43115794819705433,False
user_75,File Access,2025-01-02 01:00:00,asset_60,43,False,Switch,Medium,Manager,Marketing,Require MFA,,,,T1086,46,0.7,0.4442187235483325,False
user_49,Privilege Escalation,2025-01-02 02:00:00,asset_56,42,False,Server,High,Manager,IT,Segregation of Duties,,,,T1098,72,0.7,0.4702386998476384,False
user_98,Network Access,2025-01-02 03:00:00,asset_18,58,True,Server,Medium,Employee,HR,Least Privilege,control_2,Least Privilege,Enabled,,28,0.5,0.23622820382596918,False
user_67,Privilege Escalation,2025-01-02 04:00:00,asset_16,54,False,Database,Low,Admin,IT,Require MFA,,,,T1098,123,0.9,0.5969189097680718,False
user_1,Network Access,2025-01-02 05:00:00,asset_50,46,False,Router,Medium,Admin,IT,Segregation of Duties,,,,,67,0.9,0.5101066531234129,False
user_28,Admin Action,2025-01-02 06:00:00,asset_74,34,False,Server,Low,Admin,Finance,Least Privilege,control_2,Least Privilege,Enabled,T1071,28,0.9,0.4301675977653632,False
user_100,Network Access,2025-01-02 07:00:00,asset_6,86,False,Workstation,High,Intern,Sales,Segregation of Duties,,,,,102,0.3,0.5704249195869308,False
user_96,Privilege Escalation,2025-01-02 08:00:00,asset_57,91,False,Server,High,Manager,Marketing,Role-based Access,,,,T1098,132,0.7,0.6857626544777382,False
user_33,Privilege Escalation,2025-01-02 09:00:00,asset_24,6,False,Router,Medium,Admin,Marketing,Require MFA,,,,T1098,29,0.9,0.34643643135263247,False
user_33,Privilege Escalation,2025-01-02 10:00:00,asset_12,23,False,Switch,High,Admin,Marketing,Require MFA,,,,T1098,164,0.9,0.5487895716945996,False
user_72,Login,2025-01-02 11:00:00,asset_91,100,True,Switch,High,Admin,HR,Require MFA,,,,T1071,14,0.9,0.4145251396648044,False
user_46,Network Access,2025-01-02 12:00:00,asset_96,54,True,Switch,Medium,Manager,Finance,Least Privilege,control_2,Least Privilege,Enabled,,34,0.7,0.2641442356526156,False
user_38,Admin Action,2025-01-02 13:00:00,asset_10,22,False,Firewall,Medium,Intern,Marketing,Segregation of Duties,,,,T1071,159,0.3,0.44017267648552566,False
user_8,Network Access,2025-01-02 14:00:00,asset_64,50,False,Firewall,Low,Contractor,HR,Require MFA,,,,,112,0.6,0.5225071948535636,False
user_87,Privilege Escalation,2025-01-02 15:00:00,asset_12,60,True,Switch,High,Contractor,Finance,Segregation of Duties,,,,T1098,167,0.6,0.4142627391230744,False
user_46,Privilege Escalation,2025-01-02 16:00:00,asset_56,24,True,Server,High,Manager,Finance,Least Privilege,control_2,Least Privilege,Enabled,T1098,143,0.7,0.2950228542407313,False
user_100,Network Access,2025-01-02 17:00:00,asset_50,49,True,Router,Medium,Intern,Sales,Segregation of Duties,,,,,94,0.3,0.2493651599796851,False
user_68,Network Access,2025-01-02 18:00:00,asset_36,22,True,Router,Low,Intern,Marketing,Least Privilege,control_2,Least Privilege,Enabled,,83,0.3,0.15525647536820722,False
user_92,Admin Action,2025-01-02 19:00:00,asset_60,95,False,Switch,Medium,Manager,HR,Segregation of Duties,,,,T1071,168,0.7,0.7381073302861012,True
user_49,Login,2025-01-02 20:00:00,asset_71,59,False,Switch,Low,Manager,IT,Segregation of Duties,,,,T1071,47,0.7,0.4938208904689352,False
user_18,Admin Action,2025-01-02 21:00:00,asset_97,31,True,Router,Low,Intern,IT,Role-based Access,,,,T1071,101,0.3,0.2026409344845099,False
user_7,File Access,2025-01-02 22:00:00,asset_5,90,True,Endpoint,High,Manager,Finance,Least Privilege,control_2,Least Privilege,Enabled,T1086,1,0.7,0.33636363636363636,False
user_3,Privilege Escalation,2025-01-02 23:00:00,asset_91,56,False,Switch,High,Contractor,Marketing,Require MFA,,,,T1098,47,0.6,0.4680633147113595,False
user_92,Admin Action,2025-01-03 00:00:00,asset_75,83,False,Server,Low,Manager,HR,Segregation of Duties,,,,T1071,28,0.7,0.5453191129168783,False
user_20,Admin Action,2025-01-03 01:00:00,asset_20,24,False,Firewall,High,Contractor,Sales,Least Privilege,control_2,Least Privilege,Enabled,T1071,49,0.6,0.3733282546131708,False
user_76,Admin Action,2025-01-03 02:00:00,asset_50,38,False,Router,Medium,Manager,Finance,Require MFA,,,,T1071,153,0.7,0.5486202810225156,False
user_57,File Access,2025-01-03 03:00:00,asset_11,42,True,Switch,Medium,Employee,IT,Role-based Access,,,,T1086,54,0.5,0.21679363467072965,False
user_39,Login,2025-01-03 04:00:00,asset_51,49,True,Workstation,Low,Employee,Finance,Least Privilege,control_2,Least Privilege,Enabled,T1071,53,0.5,0.23688843744709664,False
user_10,Admin Action,2025-01-03 05:00:00,asset_43,22,True,Workstation,Low,Admin,Finance,Least Privilege,control_2,Least Privilege,Enabled,T1071,35,0.9,0.2016251904520061,False
user_21,Login,2025-01-03 06:00:00,asset_55,46,False,Switch,Low,Employee,Marketing,Least Privilege,control_2,Least Privilege,Enabled,T1071,119,0.5,0.5015405451159641,False
user_52,Login,2025-01-03 07:00:00,asset_3,11,False,Router,Low,Admin,Marketing,Least Privilege,control_2,Least Privilege,Enabled,T1071,16,0.9,0.3470628068393432,False
user_46,Network Access,2025-01-03 08:00:00,asset_49,64,True,Endpoint,Low,Manager,Finance,Least Privilege,control_2,Least Privilege,Enabled,,120,0.7,0.3905366514305062,False
user_37,Login,2025-01-03 09:00:00,asset_91,87,True,Switch,High,Employee,IT,Require MFA,,,,T1071,73,0.5,0.37438632131369565,False
user_80,Login,2025-01-03 10:00:00,asset_27,61,False,Switch,Medium,Manager,IT,Segregation of Duties,,,,T1071,175,0.7,0.6428982563060777,False
user_44,Privilege Escalation,2025-01-03 11:00:00,asset_90,55,False,Workstation,High,Employee,Sales,Segregation of Duties,,,,T1098,138,0.5,0.5500423226680211,False
user_38,Login,2025-01-03 12:00:00,asset_66,88,False,Firewall,High,Intern,Marketing,Segregation of Duties,,,,T1071,66,0.3,0.536262061960386,False
user_71,Network Access,2025-01-03 13:00:00,asset_15,100,False,Workstation,Medium,Contractor,HR,Require MFA,,,,,142,0.6,0.7075418994413407,True
user_41,Login,2025-01-03 14:00:00,asset_54,21,False,Router,Low,Contractor,Finance,Segregation of Duties,,,,T1071,142,0.6,0.4681479600474014,False
user_99,Privilege Escalation,2025-01-03 15:00:00,asset_6,10,True,Workstation,High,Contractor,IT,Role-based Access,,,,T1098,143,0.6,0.23593194514982224,False
user_92,Network Access,2025-01-03 16:00:00,asset_70,75,False,Workstation,Medium,Manager,HR,Segregation of Duties,,,,,17,0.7,0.508786185881158,False
user_32,Login,2025-01-03 17:00:00,asset_74,64,False,Server,Low,Manager,Sales,Segregation of Duties,,,,T1071,47,0.7,0.5089724056204503,False
user_57,Privilege Escalation,2025-01-03 18:00:00,asset_96,81,True,Switch,Medium,Employee,IT,Role-based Access,,,,T1098,71,0.5,0.3539698662603691,False
user_50,Network Access,2025-01-03 19:00:00,asset_21,4,False,Server,Low,Contractor,Finance,Least Privilege,control_2,Least Privilege,Enabled,,142,0.6,0.4166328085322499,False
user_96,File Access,2025-01-03 20:00:00,asset_5,30,False,Endpoint,High,Manager,Marketing,Role-based Access,,,,T1086,80,0.7,0.4428136109700356,False
user_61,Privilege Escalation,2025-01-03 21:00:00,asset_78,97,True,Router,High,Employee,Marketing,Segregation of Duties,,,,T1098,151,0.5,0.49184018960555276,False
user_77,File Access,2025-01-03 22:00:00,asset_98,93,False,Database,Low,Manager,IT,Role-based Access,,,,T1086,30,0.7,0.5778567800914169,False
user_86,Admin Action,2025-01-03 23:00:00,asset_69,22,True,Firewall,High,Employee,Finance,Require MFA,,,,T1071,169,0.5,0.28467919417640086,False
user_49,Admin Action,2025-01-04 00:00:00,asset_7,73,True,Server,High,Manager,IT,Segregation of Duties,,,,T1071,173,0.7,0.4770272557982056,False
user_85,Admin Action,2025-01-04 01:00:00,asset_69,24,False,Firewall,High,Admin,Marketing,Require MFA,,,,T1071,78,0.9,0.4557304892500424,False
user_48,Admin Action,2025-01-04 02:00:00,asset_28,67,True,Workstation,Medium,Contractor,Sales,Require MFA,,,,T1071,66,0.6,0.3226256983240224,False
user_90,Login,2025-01-04 03:00:00,asset_79,79,True,Database,Medium,Manager,Finance,Least Privilege,control_2,Least Privilege,Enabled,T1071,123,0.7,0.43934315219231423,False
user_45,File Access,2025-01-04 04:00:00,asset_64,90,False,Firewall,Low,Contractor,HR,Least Privilege,control_2,Least Privilege,Enabled,T1086,89,0.6,0.6180209920433384,False
user_65,File Access,2025-01-04 05:00:00,asset_80,61,False,Firewall,Low,Contractor,IT,Role-based Access,,,,T1086,84,0.6,0.5245556119857796,False
user_33,File Access,2025-01-04 06:00:00,asset_16,50,False,Database,Low,Admin,Marketing,Require MFA,,,,T1086,97,0.9,0.5557474183172508,False
user_25,Login,2025-01-04 07:00:00,asset_92,61,True,Workstation,Low,Admin,Sales,Least Privilege,control_2,Least Privilege,Enabled,T1071,23,0.9,0.306399187404774,False
user_6,File Access,2025-01-04 08:00:00,asset_4,50,True,Switch,Low,Admin,HR,Least Privilege,control_2,Least Privilege,Enabled,T1086,142,0.9,0.4060267479261893,False
user_15,Admin Action,2025-01-04 09:00:00,asset_67,89,False,Workstation,High,Employee,Sales,Least Privilege,control_2,Least Privilege,Enabled,T1071,140,0.5,0.6553072625698324,False
user_94,File Access,2025-01-04 10:00:00,asset_10,42,True,Firewall,Medium,Employee,HR,Least Privilege,control_2,Least Privilege,Enabled,T1086,15,0.5,0.17321821567631623,False
user_95,File Access,2025-01-04 11:00:00,asset_44,15,True,Server,High,Contractor,HR,Role-based Access,,,,T1086,92,0.6,0.1941002200778737,False
user_64,Network Access,2025-01-04 12:00:00,asset_2,22,False,Router,Medium,Manager,IT,Least Privilege,control_2,Least Privilege,Enabled,,59,0.7,0.3951074995767733,False
user_62,Admin Action,2025-01-04 13:00:00,asset_4,100,False,Switch,Low,Employee,IT,Role-based Access,,,,T1071,96,0.5,0.6394785847299813,False
user_86,File Access,2025-01-04 14:00:00,asset_49,58,True,Endpoint,Low,Employee,Finance,Require MFA,,,,T1086,180,0.5,0.40606060606060607,False
user_42,Network Access,2025-01-04 15:00:00,asset_33,71,True,Server,Medium,Employee,Sales,Role-based Access,,,,,80,0.5,0.3337227018791265,False
user_38,Privilege Escalation,2025-01-04 16:00:00,asset_43,2,False,Workstation,Low,Intern,Marketing,Segregation of Duties,,,,T1098,134,0.3,0.3516336549856103,False
user_95,Admin Action,2025-01-04 17:00:00,asset_4,22,False,Switch,Low,Contractor,HR,Role-based Access,,,,T1071,110,0.6,0.43542407313357034,False
user_56,Admin Action,2025-01-04 18:00:00,asset_3,15,False,Router,Low,Intern,Sales,Require MFA,,,,T1071,26,0.3,0.2703572033180972,False
user_60,File Access,2025-01-04 19:00:00,asset_8,45,True,Switch,High,Employee,Marketing,Least Privilege,control_2,Least Privilege,Enabled,T1086,98,0.5,0.2750465549348231,False
user_86,Privilege Escalation,2025-01-04 20:00:00,asset_90,44,True,Workstation,High,Employee,Finance,Require MFA,,,,T1098,27,0.5,0.19268664296597257,False
user_20,Privilege Escalation,2025-01-04 21:00:00,asset_41,4,True,Router,High,Contractor,Sales,Least Privilege,control_2,Least Privilege,Enabled,T1098,38,0.6,0.10043169121381412,False
user_99,Login,2025-01-04 22:00:00,asset_18,37,False,Server,Medium,Contractor,IT,Role-based Access,,,,T1071,64,0.6,0.4294819705434231,False
user_90,Network Access,2025-01-04 23:00:00,asset_38,39,False,Endpoint,High,Manager,Finance,Least Privilege,control_2,Least Privilege,Enabled,,95,0.7,0.4868461147790757,False
user_65,Admin Action,2025-01-05 00:00:00,asset_6,44,False,Workstation,High,Contractor,IT,Role-based Access,,,,T1071,54,0.6,0.43952090739800237,False
user_47,Network Access,2025-01-05 01:00:00,asset_88,3,True,Database,Low,Intern,IT,Role-based Access,,,,,87,0.3,0.1021499915354664,False
user_43,Privilege Escalation,2025-01-05 02:00:00,asset_5,32,True,Endpoint,High,Manager,Sales,Role-based Access,,,,T1098,49,0.7,0.2142373455222617,False
user_55,Network Access,2025-01-05 03:00:00,asset_89,63,True,Switch,Medium,Admin,IT,Role-based Access,,,,,82,0.9,0.3783815811748773,False
user_76,File Access,2025-01-05 04:00:00,asset_3,21,False,Router,Low,Manager,Finance,Require MFA,,,,T1086,14,0.7,0.3417978669375317,False
user_61,Network Access,2025-01-05 05:00:00,asset_30,25,False,Router,High,Employee,Marketing,Segregation of Duties,,,,,119,0.5,0.4379041814796005,False
user_16,Privilege Escalation,2025-01-05 06:00:00,asset_55,86,True,Switch,Low,Manager,IT,Role-based Access,,,,T1098,12,0.7,0.3365329270357203,False
user_15,Privilege Escalation,2025-01-05 07:00:00,asset_3,79,True,Router,Low,Employee,Sales,Least Privilege,control_2,Least Privilege,Enabled,T1098,18,0.5,0.2886913831047909,False
user_98,Network Access,2025-01-05 08:00:00,asset_72,7,False,Database,Low,Employee,HR,Least Privilege,control_2,Least Privilege,Enabled,,6,0.5,0.25710174369392247,False
user_30,Login,2025-01-05 09:00:00,asset_56,81,True,Server,High,Contractor,Sales,Role-based Access,,,,T1071,76,0.6,0.3762231251058067,False
user_4,Admin Action,2025-01-05 10:00:00,asset_97,16,True,Router,Low,Contractor,IT,Require MFA,,,,T1071,57,0.6,0.15802437785678008,False
user_29,Admin Action,2025-01-05 11:00:00,asset_9,56,True,Firewall,High,Admin,HR,Least Privilege,control_2,Least Privilege,Enabled,T1071,130,0.9,0.41080074487895724,False
user_21,Login,2025-01-05 12:00:00,asset_99,11,True,Router,Medium,Employee,Marketing,Least Privilege,control_2,Least Privilege,Enabled,T1071,46,0.5,0.11391569324530218,False
user_1,File Access,2025-01-05 13:00:00,asset_51,3,False,Workstation,Low,Admin,IT,Segregation of Duties,,,,T1086,107,0.9,0.4244963602505502,False
user_39,Admin Action,2025-01-05 14:00:00,asset_24,48,True,Router,Medium,Employee,Finance,Least Privilege,control_2,Least Privilege,Enabled,T1071,146,0.5,0.3377687489419333,False
user_88,File Access,2025-01-05 15:00:00,asset_69,72,False,Firewall,High,Intern,Marketing,Least Privilege,control_2,Least Privilege,Enabled,T1086,110,0.3,0.5369392246487219,False
user_26,Privilege Escalation,2025-01-05 16:00:00,asset_80,20,False,Firewall,Low,Employee,Sales,Role-based Access,,,,T1098,59,0.5,0.35571356018283395,False
user_36,Privilege Escalation,2025-01-05 17:00:00,asset_53,75,False,Server,High,Intern,Sales,Require MFA,,,,T1098,89,0.3,0.5225664465887929,False
user_85,File Access,2025-01-05 18:00:00,asset_23,26,False,Firewall,Medium,Admin,Marketing,Require MFA,,,,T1086,54,0.9,0.43497545285254785,False
user_68,Privilege Escalation,2025-01-05 19:00:00,asset_72,11,False,Database,Low,Intern,Marketing,Least Privilege,control_2,Least Privilege,Enabled,T1098,68,0.3,0.30516336549856105,False
user_95,Privilege Escalation,2025-01-05 20:00:00,asset_96,81,True,Switch,Medium,Contractor,HR,Role-based Access,,,,T1098,28,0.6,0.32259184018960557,False
user_43,Network Access,2025-01-05 21:00:00,asset_50,41,True,Router,Medium,Manager,Sales,Role-based Access,,,,,43,0.7,0.23480616218046385,False
user_52,Admin Action,2025-01-05 22:00:00,asset_88,70,True,Database,Low,Admin,Marketing,Least Privilege,control_2,Least Privilege,Enabled,T1071,29,0.9,0.3403758252920265,False
user_45,File Access,2025-01-05 23:00:00,asset_88,4,True,Database,Low,Contractor,HR,Least Privilege,control_2,Least Privilege,Enabled,T1086,50,0.6,0.11383951244286439,False
user_56,Login,2025-01-06 00:00:00,asset_51,40,True,Workstation,Low,Intern,Sales,Require MFA,,,,T1071,15,0.3,0.13382427628237686,False
user_100,Network Access,2025-01-06 01:00:00,asset_12,32,True,Switch,High,Intern,Sales,Segregation of Duties,,,,,12,0.3,0.10622989673269004,False
user_18,Login,2025-01-06 02:00:00,asset_78,89,False,Router,High,Intern,IT,Role-based Access,,,,T1071,175,0.3,0.6610800744878957,False
user_79,File Access,2025-01-06 03:00:00,asset_9,57,False,Firewall,High,Contractor,Sales,Require MFA,,,,T1086,168,0.6,0.6062891484679194,False
user_46,File Access,2025-01-06 04:00:00,asset_83,2,False,Endpoint,High,Manager,Finance,Least Privilege,control_2,Least Privilege,Enabled,T1086,38,0.7,0.3110377518198747,False
user_88,Admin Action,2025-01-06 05:00:00,asset_47,5,False,Switch,High,Intern,Marketing,Least Privilege,control_2,Least Privilege,Enabled,T1071,123,0.3,0.3484340612832233,False
user_66,Network Access,2025-01-06 06:00:00,asset_11,40,False,Switch,Medium,Employee,Sales,Require MFA,,,,,65,0.5,0.4230235314034197,False
user_47,File Access,2025-01-06 07:00:00,asset_90,92,True,Workstation,High,Intern,IT,Role-based Access,,,,T1086,48,0.3,0.32827154223802274,False
user_61,Admin Action,2025-01-06 08:00:00,asset_33,4,False,Server,Medium,Employee,Marketing,Segregation of Duties,,,,T1071,42,0.5,0.2882342982901642,False
user_22,Admin Action,2025-01-06 09:00:00,asset_81,62,True,Database,High,Intern,Finance,Least Privilege,control_2,Least Privilege,Enabled,T1071,122,0.3,0.3200440155747418,False
user_8,File Access,2025-01-06 10:00:00,asset_78,11,False,Router,High,Contractor,HR,Require MFA,,,,T1086,12,0.6,0.2925935330963264,False
user_27,Admin Action,2025-01-06 11:00:00,asset_3,97,True,Router,Low,Admin,HR,Least Privilege,control_2,Least Privilege,Enabled,T1071,109,0.9,0.5115794819705435,False
user_80,Login,2025-01-06 12:00:00,asset_62,54,True,Workstation,Low,Manager,IT,Segregation of Duties,,,,T1071,123,0.7,0.36358557643473843,False
user_54,File Access,2025-01-06 13:00:00,asset_6,40,False,Workstation,High,Contractor,IT,Segregation of Duties,,,,T1086,133,0.6,0.5156678517013713,False
user_6,File Access,2025-01-06 14:00:00,asset_45,46,False,Router,High,Admin,HR,Least Privilege,control_2,Least Privilege,Enabled,T1086,147,0.9,0.5994921279837482,False
user_72,Admin Action,2025-01-06 15:00:00,asset_70,22,True,Workstation,Medium,Admin,HR,Require MFA,,,,T1071,141,0.9,0.32006094464195023,False
user_93,Network Access,2025-01-06 16:00:00,asset_30,92,False,Router,High,Admin,Finance,Role-based Access,,,,,126,0.9,0.7154223802268496,True
user_12,Network Access,2025-01-06 17:00:00,asset_83,10,True,Endpoint,High,Manager,Finance,Segregation of Duties,,,,,155,0.7,0.26600643304553917,False
user_3,Login,2025-01-06 18:00:00,asset_50,55,False,Router,Medium,Contractor,Marketing,Require MFA,,,,T1071,133,0.6,0.5611223971559167,False
user_5,Admin Action,2025-01-06 19:00:00,asset_21,93,True,Server,Low,Admin,HR,Require MFA,,,,T1071,140,0.9,0.5340951413577112,False
user_74,Privilege Escalation,2025-01-06 20:00:00,asset_53,83,True,Server,High,Employee,Marketing,Require MFA,,,,T1098,44,0.5,0.32986287455561203,False
user_9,Privilege Escalation,2025-01-06 21:00:00,asset_18,39,False,Server,Medium,Contractor,IT,Role-based Access,,,,T1098,153,0.6,0.534983917386152,False
user_97,Privilege Escalation,2025-01-06 22:00:00,asset_30,18,False,Router,High,Employee,IT,Least Privilege,control_2,Least Privilege,Enabled,T1098,37,0.5,0.3250719485356357,False
user_90,Network Access,2025-01-06 23:00:00,asset_22,98,False,Endpoint,High,Manager,Finance,Least Privilege,control_2,Least Privilege,Enabled,,25,0.7,0.5874217030641611,False
user_5,Admin Action,2025-01-07 00:00:00,asset_2,39,False,Router,Medium,Admin,HR,Require MFA,,,,T1071,53,0.9,0.47325207381073303,False
user_46,Admin Action,2025-01-07 01:00:00,asset_61,52,False,Firewall,Low,Manager,Finance,Least Privilege,control_2,Least Privilege,Enabled,T1071,11,0.7,0.43238530556966315,False
user_51,Privilege Escalation,2025-01-07 02:00:00,asset_94,63,True,Workstation,Medium,Admin,Sales,Require MFA,,,,T1098,69,0.9,0.3638564415100729,False
user_86,Admin Action,2025-01-07 03:00:00,asset_69,67,False,Firewall,High,Employee,Finance,Require MFA,,,,T1071,64,0.5,0.5037243947858474,False
user_57,Login,2025-01-07 04:00:00,asset_2,90,True,Router,Medium,Employee,IT,Role-based Access,,,,T1071,132,0.5,0.4493990181141019,False
user_36,Privilege Escalation,2025-01-07 05:00:00,asset_75,1,False,Server,Low,Intern,Sales,Require MFA,,,,T1098,150,0.3,0.3664804469273743,False
user_65,Network Access,2025-01-07 06:00:00,asset_34,72,False,Switch,Low,Contractor,IT,Role-based Access,,,,,74,0.6,0.546715760961571,False
user_93,Privilege Escalation,2025-01-07 07:00:00,asset_95,62,False,Workstation,Medium,Admin,Finance,Role-based Access,,,,T1098,163,0.9,0.6658540714406636,False
user_29,File Access,2025-01-07 08:00:00,asset_53,8,False,Server,High,Admin,HR,Least Privilege,control_2,Least Privilege,Enabled,T1086,160,0.9,0.4988657524970374,False
user_64,Network Access,2025-01-07 09:00:00,asset_6,88,True,Workstation,High,Manager,IT,Least Privilege,control_2,Least Privilege,Enabled,,90,0.7,0.42974437108515323,False
user_83,Network Access,2025-01-07 10:00:00,asset_32,46,True,Router,High,Admin,IT,Least Privilege,control_2,Least Privilege,Enabled,,124,0.9,0.3737938039614017,False
user_68,Network Access,2025-01-07 11:00:00,asset_40,74,True,Database,Low,Intern,Marketing,Least Privilege,control_2,Least Privilege,Enabled,,54,0.3,0.2804299983070933,False
user_56,Privilege Escalation,2025-01-07 12:00:00,asset_68,49,False,Router,Medium,Intern,Sales,Require MFA,,,,T1098,122,0.3,0.4806500761808024,False
user_7,Privilege Escalation,2025-01-07 13:00:00,asset_27,94,True,Switch,Medium,Manager,Finance,Least Privilege,control_2,Least Privilege,Enabled,T1098,92,0.7,0.4501608261384798,False
user_79,File Access,2025-01-07 14:00:00,asset_40,98,True,Database,Low,Contractor,Sales,Require MFA,,,,T1086,73,0.6,0.42438632131369564,False
user_97,Admin Action,2025-01-07 15:00:00,asset_21,10,True,Server,Low,Employee,IT,Least Privilege,control_2,Least Privilege,Enabled,T1071,121,0.5,0.1946842728965634,False
user_9,File Access,2025-01-07 16:00:00,asset_1,86,False,Switch,High,Contractor,IT,Role-based Access,,,,T1086,113,0.6,0.6327154223802268,False
user_23,Admin Action,2025-01-07 17:00:00,asset_33,87,False,Server,Medium,Admin,Sales,Role-based Access,,,,T1071,170,0.9,0.7494328762485187,True
user_71,Login,2025-01-07 18:00:00,asset_74,4,True,Server,Low,Contractor,HR,Require MFA,,,,T1071,6,0.6,0.06467750126968004,False
user_16,Privilege Escalation,2025-01-07 19:00:00,asset_36,49,True,Router,Low,Manager,IT,Role-based Access,,,,T1098,111,0.7,0.33502624005417303,False
user_31,File Access,2025-01-07 20:00:00,asset_13,19,False,Switch,Medium,Employee,Marketing,Role-based Access,,,,T1086,70,0.5,0.36497375994582704,False
user_92,Admin Action,2025-01-07 21:00:00,asset_49,77,True,Endpoint,Low,Manager,HR,Segregation of Duties,,,,T1071,45,0.7,0.3461317081428813,False
user_88,Network Access,2025-01-07 22:00:00,asset_28,89,False,Workstation,Medium,Intern,Marketing,Least Privilege,control_2,Least Privilege,Enabled,,173,0.3,0.6588454376163875,False
user_47,Login,2025-01-07 23:00:00,asset_59,47,False,Endpoint,Medium,Intern,IT,Role-based Access,,,,T1071,152,0.3,0.508109023192822,False
user_7,File Access,2025-01-08 00:00:00,asset_11,39,False,Switch,Medium,Manager,Finance,Least Privilege,control_2,Least Privilege,Enabled,T1086,137,0.7,0.5337734890807517,False
user_86,Network Access,2025-01-08 01:00:00,asset_78,68,True,Router,High,Employee,Finance,Require MFA,,,,,70,0.5,0.3134586084306755,False
user_76,Admin Action,2025-01-08 02:00:00,asset_83,21,True,Endpoint,High,Manager,Finance,Require MFA,,,,T1071,24,0.7,0.15297105129507363,False
user_13,Admin Action,2025-01-08 03:00:00,asset_41,10,True,Router,High,Contractor,Marketing,Segregation of Duties,,,,T1071,111,0.6,0.20017775520568817,False
user_12,Login,2025-01-08 04:00:00,asset_89,92,True,Switch,Medium,Manager,Finance,Segregation of Duties,,,,T1071,60,0.7,0.4083460301337397,False
user_67,Admin Action,2025-01-08 05:00:00,asset_81,30,False,Database,High,Admin,IT,Require MFA,,,,T1071,64,0.9,0.4582698493313018,False
user_19,Network Access,2025-01-08 06:00:00,asset_99,59,False,Router,Medium,Employee,Marketing,Require MFA,,,,,49,0.5,0.46272219400711023,False
user_7,Network Access,2025-01-08 07:00:00,asset_25,99,False,Router,High,Manager,Finance,Least Privilege,control_2,Least Privilege,Enabled,,44,0.7,0.6116810563737938,False
user_42,Privilege Escalation,2025-01-08 08:00:00,asset_22,37,True,Endpoint,High,Employee,Sales,Role-based Access,,,,T1098,103,0.5,0.25639072287116976,False
user_2,Admin Action,2025-01-08 09:00:00,asset_81,93,True,Database,High,Intern,HR,Least Privilege,control_2,Least Privilege,Enabled,T1071,163,0.3,0.4597934653800576,False
user_9,Admin Action,2025-01-08 10:00:00,asset_81,41,False,Database,High,Contractor,IT,Role-based Access,,,,T1071,176,0.6,0.5667428474691045,False
user_45,File Access,2025-01-08 11:00:00,asset_20,48,False,Firewall,High,Contractor,HR,Least Privilege,control_2,Least Privilege,Enabled,T1086,57,0.6,0.4549940748264771,False
user_1,Login,2025-01-08 12:00:00,asset_71,80,False,Switch,Low,Admin,IT,Segregation of Duties,,,,T1071,171,0.9,0.7293380734721517,True
user_52,File Access,2025-01-08 13:00:00,asset_69,18,False,Firewall,High,Admin,Marketing,Least Privilege,control_2,Least Privilege,Enabled,T1086,145,0.9,0.512409006263755,False
user_36,Network Access,2025-01-08 14:00:00,asset_13,59,True,Switch,Medium,Intern,Sales,Require MFA,,,,,160,0.3,0.35341120704249196,False
user_99,Login,2025-01-08 15:00:00,asset_18,19,True,Server,Medium,Contractor,IT,Role-based Access,,,,T1071,43,0.6,0.1514728288471305,False
user_21,Network Access,2025-01-08 16:00:00,asset_8,4,True,Switch,High,Employee,Marketing,Least Privilege,control_2,Least Privilege,Enabled,,138,0.5,0.19549686812256645,False
user_57,Network Access,2025-01-08 17:00:00,asset_21,23,True,Server,Low,Employee,IT,Role-based Access,,,,,173,0.5,0.29217877094972067,False
user_15,Admin Action,2025-01-08 18:00:00,asset_85,5,False,Router,High,Employee,Sales,Least Privilege,control_2,Least Privilege,Enabled,T1071,98,0.5,0.35383443372270185,False
user_37,Admin Action,2025-01-08 19:00:00,asset_64,94,True,Firewall,Low,Employee,IT,Require MFA,,,,T1071,33,0.5,0.3509057050956493,False
user_35,Privilege Escalation,2025-01-08 20:00:00,asset_93,86,False,Firewall,Medium,Employee,IT,Require MFA,,,,T1098,7,0.5,0.49761300152361604,False
user_13,Login,2025-01-08 21:00:00,asset_53,83,True,Server,High,Contractor,Marketing,Segregation of Duties,,,,T1071,172,0.6,0.48954630099881496,False
user_51,File Access,2025-01-08 22:00:00,asset_56,73,False,Server,High,Admin,Sales,Require MFA,,,,T1086,72,0.9,0.5975114271203656,False
user_56,File Access,2025-01-08 23:00:00,asset_40,63,False,Database,Low,Intern,Sales,Require MFA,,,,T1086,52,0.3,0.4448620281022516,False
user_51,File Access,2025-01-09 00:00:00,asset_73,78,True,Switch,High,Admin,Sales,Require MFA,,,,T1086,122,0.9,0.4685288640595904,False
user_51,Network Access,2025-01-09 01:00:00,asset_49,79,False,Endpoint,Low,Admin,Sales,Require MFA,,,,,172,0.9,0.7274250888776028,True
user_58,Network Access,2025-01-09 02:00:00,asset_70,11,False,Workstation,Medium,Contractor,Marketing,Segregation of Duties,,,,,176,0.6,0.4758337565600136,False
user_22,Admin Action,2025-01-09 03:00:00,asset_69,5,False,Firewall,High,Intern,Finance,Least Privilege,control_2,Least Privilege,Enabled,T1071,64,0.3,0.2825122735737261,False
user_47,File Access,2025-01-09 04:00:00,asset_70,7,True,Workstation,Medium,Intern,IT,Role-based Access,,,,T1086,42,0.3,0.06399187404773998,False
user_77,Privilege Escalation,2025-01-09 05:00:00,asset_18,41,False,Server,Medium,Manager,IT,Role-based Access,,,,T1098,46,0.7,0.43815811748772643,False
user_92,Network Access,2025-01-09 06:00:00,asset_15,39,True,Workstation,Medium,Manager,HR,Segregation of Duties,,,,,120,0.7,0.3147790756729304,False
user_39,Privilege Escalation,2025-01-09 07:00:00,asset_65,80,True,Switch,High,Employee,Finance,Least Privilege,control_2,Least Privilege,Enabled,T1098,11,0.5,0.28390045708481465,False
user_6,Login,2025-01-09 08:00:00,asset_28,29,True,Workstation,Medium,Admin,HR,Least Privilege,control_2,Least Privilege,Enabled,T1071,78,0.9,0.2708820044015575,False
user_91,Login,2025-01-09 09:00:00,asset_20,35,True,Firewall,High,Admin,HR,Least Privilege,control_2,Least Privilege,Enabled,T1071,173,0.9,0.3952090739800237,False
user_67,Admin Action,2025-01-09 10:00:00,asset_76,64,False,Server,Medium,Admin,IT,Require MFA,,,,T1071,114,0.9,0.6171660741493143,False
user_31,Login,2025-01-09 11:00:00,asset_30,6,True,Router,High,Employee,Marketing,Role-based Access,,,,T1071,78,0.5,0.13451836803792114,False
user_14,Login,2025-01-09 12:00:00,asset_67,85,False,Workstation,High,Manager,IT,Require MFA,,,,T1071,147,0.7,0.6843406128322329,False
user_43,Network Access,2025-01-09 13:00:00,asset_72,32,False,Database,Low,Manager,Sales,Role-based Access,,,,,32,0.7,0.3952429321144405,False
user_98,Privilege Escalation,2025-01-09 14:00:00,asset_30,42,False,Router,High,Employee,HR,Least Privilege,control_2,Least Privilege,Enabled,T1098,145,0.5,0.5184696123243608,False
user_42,File Access,2025-01-09 15:00:00,asset_53,26,True,Server,High,Employee,Sales,Role-based Access,,,,T1086,38,0.5,0.1504316912138141,False
user_48,Login,2025-01-09 16:00:00,asset_10,50,True,Firewall,Medium,Contractor,Sales,Require MFA,,,,T1071,145,0.6,0.35937870323345183,False
user_51,Privilege Escalation,2025-01-09 17:00:00,asset_55,45,True,Switch,Low,Admin,Sales,Require MFA,,,,T1098,179,0.9,0.4322160148975791,False
user_95,Network Access,2025-01-09 18:00:00,asset_97,60,True,Router,Low,Contractor,HR,Role-based Access,,,,,23,0.6,0.25336888437447097,False
user_99,File Access,2025-01-09 19:00:00,asset_53,70,False,Server,High,Contractor,IT,Role-based Access,,,,T1086,106,0.6,0.5764093448450991,False
user_88,Login,2025-01-09 20:00:00,asset_89,29,False,Switch,Medium,Intern,Marketing,Least Privilege,control_2,Least Privilege,Enabled,T1071,39,0.3,0.3273065854071441,False
user_61,Privilege Escalation,2025-01-09 21:00:00,asset_89,6,True,Switch,Medium,Employee,Marketing,Segregation of Duties,,,,T1098,66,0.5,0.12111054680887084,False
user_29,Privilege Escalation,2025-01-09 22:00:00,asset_43,39,False,Workstation,Low,Admin,HR,Least Privilege,control_2,Least Privilege,Enabled,T1098,127,0.9,0.5559336380565432,False
user_22,File Access,2025-01-09 23:00:00,asset_91,2,False,Switch,High,Intern,Finance,Least Privilege,control_2,Least Privilege,Enabled,T1086,121,0.3,0.3371085153208058,False
user_26,Admin Action,2025-01-10 00:00:00,asset_2,94,True,Router,Medium,Employee,Sales,Role-based Access,,,,T1071,77,0.5,0.40006771626883364,False
user_12,Network Access,2025-01-10 01:00:00,asset_62,93,True,Workstation,Low,Manager,Finance,Segregation of Duties,,,,,28,0.7,0.3756221432199086,False
user_45,Privilege Escalation,2025-01-10 02:00:00,asset_6,51,True,Workstation,High,Contractor,HR,Least Privilege,control_2,Least Privilege,Enabled,T1098,140,0.6,0.35682241408498394,False
user_33,Network Access,2025-01-10 03:00:00,asset_21,33,False,Server,Low,Admin,Marketing,Require MFA,,,,,153,0.9,0.5668020992043339,False
user_97,Network Access,2025-01-10 04:00:00,asset_67,61,True,Workstation,High,Employee,IT,Least Privilege,control_2,Least Privilege,Enabled,,79,0.5,0.30230235314034204,False
user_55,File Access,2025-01-10 05:00:00,asset_57,4,True,Server,High,Admin,IT,Role-based Access,,,,T1086,122,0.9,0.24428643981716608,False
user_91,Network Access,2025-01-10 06:00:00,asset_59,68,False,Endpoint,Medium,Admin,HR,Least Privilege,control_2,Least Privilege,Enabled,,9,0.9,0.5119688505163367,False
user_47,Admin Action,2025-01-10 07:00:00,asset_32,27,False,Router,High,Intern,IT,Role-based Access,,,,T1071,102,0.3,0.391637040799052,False
user_51,File Access,2025-01-10 08:00:00,asset_47,44,True,Switch,High,Admin,Sales,Require MFA,,,,T1086,116,0.9,0.3587946504147621,False
user_84,File Access,2025-01-10 09:00:00,asset_52,17,False,Router,Low,Employee,Finance,Segregation of Duties,,,,T1086,45,0.5,0.33098019299136616,False
user_10,Network Access,2025-01-10 10:00:00,asset_90,90,True,Workstation,High,Admin,Finance,Least Privilege,control_2,Least Privilege,Enabled,,87,0.9,0.4657863551718301,False
user_39,Admin Action,2025-01-10 11:00:00,asset_49,36,False,Endpoint,Low,Employee,Finance,Least Privilege,control_2,Least Privilege,Enabled,T1071,169,0.5,0.5271034366006433,False
user_95,Privilege Escalation,2025-01-10 12:00:00,asset_50,51,False,Router,Medium,Contractor,HR,Role-based Access,,,,T1098,127,0.6,0.5422972744201795,False
user_77,Admin Action,2025-01-10 13:00:00,asset_23,99,False,Firewall,Medium,Manager,IT,Role-based Access,,,,T1071,103,0.7,0.6776028440832911,False
user_94,File Access,2025-01-10 14:00:00,asset_96,40,True,Switch,Medium,Employee,HR,Least Privilege,control_2,Least Privilege,Enabled,T1086,177,0.5,0.34816319620788894,False
user_14,Privilege Escalation,2025-01-10 15:00:00,asset_71,63,True,Switch,Low,Manager,IT,Require MFA,,,,T1098,159,0.7,0.43108176739461657,False
user_7,Network Access,2025-01-10 16:00:00,asset_35,53,False,Firewall,High,Manager,Finance,Least Privilege,control_2,Least Privilege,Enabled,,171,0.7,0.6141865583206365,False
user_50,Admin Action,2025-01-10 17:00:00,asset_77,82,True,Workstation,Low,Contractor,Finance,Least Privilege,control_2,Least Privilege,Enabled,T1071,58,0.6,0.3591416962925343,False
user_14,Login,2025-01-10 18:00:00,asset_24,64,True,Router,Medium,Manager,IT,Require MFA,,,,T1071,74,0.7,0.33914000338581346,False
user_35,Admin Action,2025-01-10 19:00:00,asset_56,10,False,Server,High,Employee,IT,Require MFA,,,,T1071,139,0.5,0.41479600474013884,False
user_31,Login,2025-01-10 20:00:00,asset_27,90,True,Switch,Medium,Employee,Marketing,Role-based Access,,,,T1071,166,0.5,0.4873878449297444,False
user_1,Admin Action,2025-01-10 21:00:00,asset_49,83,True,Endpoint,Low,Admin,IT,Segregation of Duties,,,,T1071,141,0.9,0.504909429490435,False
user_23,Privilege Escalation,2025-01-10 22:00:00,asset_3,12,False,Router,Low,Admin,Sales,Role-based Access,,,,T1098,141,0.9,0.48975791433891996,False
user_40,Admin Action,2025-01-10 23:00:00,asset_55,46,False,Switch,Low,Manager,Marketing,Segregation of Duties,,,,T1071,9,0.7,0.4119688505163366,False
user_52,Login,2025-01-11 00:00:00,asset_1,88,False,Switch,High,Admin,Marketing,Least Privilege,control_2,Least Privilege,Enabled,T1071,29,0.9,0.594921279837481,False
user_54,File Access,2025-01-11 01:00:00,asset_86,63,False,Router,High,Contractor,IT,Segregation of Duties,,,,T1086,172,0.6,0.6289402403927544,False
user_80,Admin Action,2025-01-11 02:00:00,asset_90,48,True,Workstation,High,Manager,IT,Segregation of Duties,,,,T1071,49,0.7,0.26272219400711017,False
user_75,File Access,2025-01-11 03:00:00,asset_77,78,False,Workstation,Low,Manager,Marketing,Require MFA,,,,T1086,42,0.7,0.5458100558659218,False
user_26,Privilege Escalation,2025-01-11 04:00:00,asset_91,78,True,Switch,High,Employee,Sales,Role-based Access,,,,T1098,37,0.5,0.3068901303538175,False
user_58,Login,2025-01-11 05:00:00,asset_43,34,False,Workstation,Low,Contractor,Marketing,Segregation of Duties,,,,T1071,153,0.6,0.5198324022346369,False
user_81,Admin Action,2025-01-11 06:00:00,asset_24,12,False,Router,Medium,Contractor,IT,Role-based Access,,,,T1071,108,0.6,0.4028864059590317,False
user_83,Admin Action,2025-01-11 07:00:00,asset_2,62,False,Router,Medium,Admin,IT,Least Privilege,control_2,Least Privilege,Enabled,T1071,39,0.9,0.5273065854071441,False
user_98,Privilege Escalation,2025-01-11 08:00:00,asset_97,20,False,Router,Low,Employee,HR,Least Privilege,control_2,Least Privilege,Enabled,T1098,35,0.5,0.3288979177247334,False
user_58,Network Access,2025-01-11 09:00:00,asset_23,92,False,Firewall,Medium,Contractor,Marketing,Segregation of Duties,,,,,17,0.6,0.5436346707296429,False
user_27,Privilege Escalation,2025-01-11 10:00:00,asset_85,6,True,Router,High,Admin,HR,Least Privilege,control_2,Least Privilege,Enabled,T1098,138,0.9,0.26822414084983914,False
user_71,Privilege Escalation,2025-01-11 11:00:00,asset_24,86,True,Router,Medium,Contractor,HR,Require MFA,,,,T1098,36,0.6,0.3466819028271542,False
user_75,File Access,2025-01-11 12:00:00,asset_16,62,False,Database,Low,Manager,Marketing,Require MFA,,,,T1086,48,0.7,0.5040291179955985,False
user_12,File Access,2025-01-11 13:00:00,asset_55,97,False,Switch,Low,Manager,Finance,Segregation of Duties,,,,T1086,26,0.7,0.5855087184696124,False
user_28,Network Access,2025-01-11 14:00:00,asset_15,59,True,Workstation,Medium,Admin,Finance,Least Privilege,control_2,Least Privilege,Enabled,,55,0.9,0.33609277128830206,False
user_32,Admin Action,2025-01-11 15:00:00,asset_86,33,True,Router,High,Manager,Sales,Segregation of Duties,,,,T1071,159,0.7,0.3401726764855256,False
user_73,Network Access,2025-01-11 16:00:00,asset_44,72,True,Server,High,Intern,Sales,Role-based Access,,,,,159,0.3,0.3916878280006772,False
user_55,Admin Action,2025-01-11 17:00:00,asset_9,6,True,Firewall,High,Admin,IT,Role-based Access,,,,T1071,106,0.9,0.2324699509057051,False
user_50,Admin Action,2025-01-11 18:00:00,asset_27,11,False,Switch,Medium,Contractor,Finance,Least Privilege,control_2,Least Privilege,Enabled,T1071,176,0.6,0.4758337565600136,False
user_29,Network Access,2025-01-11 19:00:00,asset_4,51,True,Switch,Low,Admin,HR,Least Privilege,control_2,Least Privilege,Enabled,,171,0.9,0.4414592855933639,False
user_60,File Access,2025-01-11 20:00:00,asset_79,63,False,Database,Medium,Employee,Marketing,Least Privilege,control_2,Least Privilege,Enabled,T1086,136,0.5,0.5720501100389369,False
user_83,Privilege Escalation,2025-01-11 21:00:00,asset_74,31,True,Server,Low,Admin,IT,Least Privilege,control_2,Least Privilege,Enabled,T1098,37,0.9,0.23113255459624177,False
user_18,File Access,2025-01-11 22:00:00,asset_40,28,True,Database,Low,Intern,IT,Role-based Access,,,,T1086,19,0.3,0.10192991366175726,False
user_66,Privilege Escalation,2025-01-11 23:00:00,asset_55,6,False,Switch,Low,Employee,Sales,Require MFA,,,,T1098,163,0.5,0.4294904350770272,False
user_93,Admin Action,2025-01-12 00:00:00,asset_15,66,False,Workstation,Medium,Admin,Finance,Role-based Access,,,,T1071,66,0.9,0.5695953952937194,False
user_93,File Access,2025-01-12 01:00:00,asset_58,65,True,Server,Low,Admin,Finance,Role-based Access,,,,T1086,123,0.9,0.4302522431014051,False
user_38,Admin Action,2025-01-12 02:00:00,asset_9,50,False,Firewall,High,Intern,Marketing,Segregation of Duties,,,,T1071,162,0.3,0.5283731166412731,False
user_28,Network Access,2025-01-12 03:00:00,asset_27,91,False,Switch,Medium,Admin,Finance,Least Privilege,control_2,Least Privilege,Enabled,,63,0.9,0.6420010157440326,False
user_60,Admin Action,2025-01-12 04:00:00,asset_31,49,True,Database,Low,Employee,Marketing,Least Privilege,control_2,Least Privilege,Enabled,T1071,94,0.5,0.28269849331301844,False
user_6,Network Access,2025-01-12 05:00:00,asset_30,20,True,Router,High,Admin,HR,Least Privilege,control_2,Least Privilege,Enabled,,133,0.9,0.3050617910953107,False
user_79,Login,2025-01-12 06:00:00,asset_13,87,True,Switch,Medium,Contractor,Sales,Require MFA,,,,T1071,111,0.6,0.4335110885390215,False
user_53,File Access,2025-01-12 07:00:00,asset_23,99,True,Firewall,Medium,Contractor,Sales,Segregation of Duties,,,,T1086,158,0.6,0.5223886913831048,False
user_20,Login,2025-01-12 08:00:00,asset_57,82,False,Server,High,Contractor,Sales,Least Privilege,control_2,Least Privilege,Enabled,T1071,127,0.6,0.6362366683595734,False
user_27,Login,2025-01-12 09:00:00,asset_61,21,True,Firewall,Low,Admin,HR,Least Privilege,control_2,Least Privilege,Enabled,T1071,138,0.9,0.31367868630438467,False
user_20,Network Access,2025-01-12 10:00:00,asset_65,38,False,Switch,High,Contractor,Sales,Least Privilege,control_2,Least Privilege,Enabled,,102,0.6,0.4749703741323853,False
user_19,Network Access,2025-01-12 11:00:00,asset_62,39,True,Workstation,Low,Employee,Marketing,Require MFA,,,,,144,0.5,0.30826138479769766,False
user_74,Privilege Escalation,2025-01-12 12:00:00,asset_69,81,False,Firewall,High,Employee,Marketing,Require MFA,,,,T1098,82,0.5,0.5662603690536652,False
user_72,Network Access,2025-01-12 13:00:00,asset_78,25,False,Router,High,Admin,HR,Require MFA,,,,,156,0.9,0.5459116302691722,False
user_91,Login,2025-01-12 14:00:00,asset_4,80,True,Switch,Low,Admin,HR,Least Privilege,control_2,Least Privilege,Enabled,T1071,38,0.9,0.3807347215168445,False
user_12,Privilege Escalation,2025-01-12 15:00:00,asset_45,84,False,Router,High,Manager,Finance,Segregation of Duties,,,,T1098,170,0.7,0.7070086338242763,True
user_62,File Access,2025-01-12 16:00:00,asset_37,51,False,Endpoint,Medium,Employee,IT,Role-based Access,,,,T1086,69,0.5,0.46082613847976983,False
user_38,Login,2025-01-12 17:00:00,asset_45,71,True,Router,High,Intern,Marketing,Segregation of Duties,,,,T1071,125,0.3,0.3506686981547317,False
user_34,Login,2025-01-12 18:00:00,asset_34,97,True,Switch,Low,Contractor,Finance,Require MFA,,,,T1071,106,0.6,0.45822752666328087,False
user_58,File Access,2025-01-12 19:00:00,asset_72,87,False,Database,Low,Contractor,Marketing,Segregation of Duties,,,,T1086,131,0.6,0.6558574572541054,False
user_52,Privilege Escalation,2025-01-12 20:00:00,asset_71,93,True,Switch,Low,Admin,Marketing,Least Privilege,control_2,Least Privilege,Enabled,T1098,19,0.9,0.3988996106314542,False
user_60,Login,2025-01-12 21:00:00,asset_11,8,True,Switch,Medium,Employee,Marketing,Least Privilege,control_2,Least Privilege,Enabled,T1071,57,0.5,0.11711528694768919,False
user_76,Admin Action,2025-01-12 22:00:00,asset_57,99,True,Server,High,Manager,Finance,Require MFA,,,,T1071,100,0.7,0.47425088877602845,False
user_85,Login,2025-01-12 23:00:00,asset_79,39,False,Database,Medium,Admin,Marketing,Require MFA,,,,T1071,76,0.9,0.49895039783307943,False
user_28,File Access,2025-01-13 00:00:00,asset_72,100,True,Database,Low,Admin,Finance,Least Privilege,control_2,Least Privilege,Enabled,T1086,127,0.9,0.5407821229050279,False
user_57,Login,2025-01-13 01:00:00,asset_11,80,True,Switch,Medium,Employee,IT,Role-based Access,,,,T1071,128,0.5,0.41462671406805485,False
user_72,Admin Action,2025-01-13 02:00:00,asset_51,23,True,Workstation,Low,Admin,HR,Require MFA,,,,T1071,129,0.9,0.309683426443203,False
user_84,Login,2025-01-13 03:00:00,asset_15,13,True,Workstation,Medium,Employee,Finance,Segregation of Duties,,,,T1071,87,0.5,0.16578635517183005,False
user_11,Privilege Escalation,2025-01-13 04:00:00,asset_5,67,True,Endpoint,High,Intern,Finance,Require MFA,,,,T1098,95,0.3,0.30502793296089387,False
user_15,Network Access,2025-01-13 05:00:00,asset_94,62,True,Workstation,Medium,Employee,Sales,Least Privilege,control_2,Least Privilege,Enabled,,97,0.5,0.32544438801422043,False
user_3,Login,2025-01-13 06:00:00,asset_68,1,True,Router,Medium,Contractor,Marketing,Require MFA,,,,T1071,151,0.6,0.2175977653631285,False
user_16,Login,2025-01-13 07:00:00,asset_20,39,False,Firewall,High,Manager,IT,Role-based Access,,,,T1071,49,0.7,0.43544946673438295,False
user_77,Network Access,2025-01-13 08:00:00,asset_76,79,False,Server,Medium,Manager,IT,Role-based Access,,,,,16,0.7,0.5197900795666159,False
user_21,Admin Action,2025-01-13 09:00:00,asset_67,84,True,Workstation,High,Employee,Marketing,Least Privilege,control_2,Least Privilege,Enabled,T1071,176,0.5,0.4803792111054681,False
user_49,Network Access,2025-01-13 10:00:00,asset_61,34,True,Firewall,Low,Manager,IT,Segregation of Duties,,,,,11,0.7,0.17783985102420857,False
user_59,Privilege Escalation,2025-01-13 11:00:00,asset_38,93,False,Endpoint,High,Manager,Marketing,Role-based Access,,,,T1098,140,0.7,0.7007618080243778,True
user_46,Network Access,2025-01-13 12:00:00,asset_51,84,False,Workstation,Low,Manager,Finance,Least Privilege,control_2,Least Privilege,Enabled,,121,0.7,0.652260030472321,False
user_1,Privilege Escalation,2025-01-13 13:00:00,asset_71,91,True,Switch,Low,Admin,IT,Segregation of Duties,,,,T1098,84,0.9,0.4654647028948705,False
user_76,File Access,2025-01-13 14:00:00,asset_75,58,False,Server,Low,Manager,Finance,Require MFA,,,,T1086,90,0.7,0.5388352801760623,False
user_7,Privilege Escalation,2025-01-13 15:00:00,asset_42,8,False,Switch,Low,Manager,Finance,Least Privilege,control_2,Least Privilege,Enabled,T1098,74,0.7,0.36944303368884374,False
user_71,Admin Action,2025-01-13 16:00:00,asset_41,91,False,Router,High,Contractor,HR,Require MFA,,,,T1071,58,0.6,0.5864144235652615,False
user_6,Admin Action,2025-01-13 17:00:00,asset_1,98,False,Switch,High,Admin,HR,Least Privilege,control_2,Least Privilege,Enabled,T1071,100,0.9,0.7045539190790588,True
user_21,File Access,2025-01-13 18:00:00,asset_82,22,True,Database,Medium,Employee,Marketing,Least Privilege,control_2,Least Privilege,Enabled,T1086,40,0.5,0.14054511596411037,False
user_78,Admin Action,2025-01-13 19:00:00,asset_9,92,False,Firewall,High,Intern,IT,Role-based Access,,,,T1071,119,0.3,0.6076011511765702,False
user_67,Privilege Escalation,2025-01-13 20:00:00,asset_93,17,True,Firewall,Medium,Admin,IT,Require MFA,,,,T1098,41,0.9,0.1931775859150161,False
user_26,Login,2025-01-13 21:00:00,asset_88,57,True,Database,Low,Employee,Sales,Role-based Access,,,,T1071,42,0.5,0.24884035889622483,False
user_39,Network Access,2025-01-13 22:00:00,asset_81,46,False,Database,High,Employee,Finance,Least Privilege,control_2,Least Privilege,Enabled,,169,0.5,0.5574064669036736,False
user_41,Network Access,2025-01-13 23:00:00,asset_22,9,True,Endpoint,High,Contractor,Finance,Segregation of Duties,,,,,74,0.6,0.1558066700524801,False
user_8,Network Access,2025-01-14 00:00:00,asset_96,45,True,Switch,Medium,Contractor,HR,Require MFA,,,,,37,0.6,0.22355679702048417,False
user_64,Login,2025-01-14 01:00:00,asset_13,76,False,Switch,Medium,Manager,IT,Least Privilege,control_2,Least Privilege,Enabled,T1071,68,0.7,0.5687997291349247,False
user_62,Admin Action,2025-01-14 02:00:00,asset_79,25,False,Database,Medium,Employee,IT,Role-based Access,,,,T1071,49,0.5,0.3596918909768072,False
user_32,Privilege Escalation,2025-01-14 03:00:00,asset_35,67,True,Firewall,High,Manager,Sales,Segregation of Duties,,,,T1098,92,0.7,0.36834264432029795,False
user_29,Login,2025-01-14 04:00:00,asset_77,93,True,Workstation,Low,Admin,HR,Least Privilege,control_2,Least Privilege,Enabled,T1071,169,0.9,0.5664973759945827,False
user_86,Network Access,2025-01-14 05:00:00,asset_35,68,False,Firewall,High,Employee,Finance,Require MFA,,,,,97,0.5,0.5436262061960386,False
user_83,File Access,2025-01-14 06:00:00,asset_54,27,True,Router,Low,Admin,IT,Least Privilege,control_2,Least Privilege,Enabled,T1086,24,0.9,0.20448620281022517,False
user_33,File Access,2025-01-14 07:00:00,asset_18,34,False,Server,Medium,Admin,Marketing,Require MFA,,,,T1086,34,0.9,0.4368715083798883,False
user_79,Login,2025-01-14 08:00:00,asset_22,79,True,Endpoint,High,Contractor,Sales,Require MFA,,,,T1071,64,0.6,0.3567546978161504,False
user_7,Network Access,2025-01-14 09:00:00,asset_56,19,False,Server,High,Manager,Finance,Least Privilege,control_2,Least Privilege,Enabled,,97,0.7,0.4284746910445234,False
user_9,Admin Action,2025-01-14 10:00:00,asset_39,61,True,Endpoint,Medium,Contractor,IT,Role-based Access,,,,T1071,58,0.6,0.2955053326561707,False
user_27,Admin Action,2025-01-14 11:00:00,asset_83,56,False,Endpoint,High,Admin,HR,Least Privilege,control_2,Least Privilege,Enabled,T1071,78,0.9,0.5527001862197394,False
user_50,Admin Action,2025-01-14 12:00:00,asset_46,4,False,Workstation,Medium,Contractor,Finance,Least Privilege,control_2,Least Privilege,Enabled,T1071,20,0.6,0.2803199593702387,False
user_67,Privilege Escalation,2025-01-14 13:00:00,asset_12,88,False,Switch,High,Admin,IT,Require MFA,,,,T1098,75,0.9,0.6463179278821738,False
user_69,Login,2025-01-14 14:00:00,asset_35,100,False,Firewall,High,Admin,HR,Least Privilege,control_2,Least Privilege,Enabled,T1071,39,0.9,0.6424581005586592,False
user_39,File Access,2025-01-14 15:00:00,asset_37,81,False,Endpoint,Medium,Employee,Finance,Least Privilege,control_2,Least Privilege,Enabled,T1086,156,0.5,0.6489419332994752,False
user_63,Network Access,2025-01-14 16:00:00,asset_73,79,False,Switch,High,Intern,Sales,Least Privilege,control_2,Least Privilege,Enabled,,164,0.3,0.6184865413915694,False
user_65,Admin Action,2025-01-14 17:00:00,asset_50,68,False,Router,Medium,Contractor,IT,Role-based Access,,,,T1071,46,0.6,0.5033096326392417,False
user_39,File Access,2025-01-14 18:00:00,asset_92,9,True,Workstation,Low,Employee,Finance,Least Privilege,control_2,Least Privilege,Enabled,T1086,16,0.5,0.07433553411207042,False
user_60,Login,2025-01-14 19:00:00,asset_79,20,True,Database,Medium,Employee,Marketing,Least Privilege,control_2,Least Privilege,Enabled,T1071,26,0.5,0.11884205180294566,False
user_97,Admin Action,2025-01-14 20:00:00,asset_69,60,True,Firewall,High,Employee,IT,Least Privilege,control_2,Least Privilege,Enabled,T1071,129,0.5,0.35513797189774843,False
user_6,File Access,2025-01-14 21:00:00,asset_98,39,False,Database,Low,Admin,HR,Least Privilege,control_2,Least Privilege,Enabled,T1086,130,0.9,0.5592855933638057,False
user_22,File Access,2025-01-14 22:00:00,asset_69,38,True,Firewall,High,Intern,Finance,Least Privilege,control_2,Least Privilege,Enabled,T1086,167,0.3,0.2975960724564077,False
user_13,Privilege Escalation,2025-01-14 23:00:00,asset_1,29,True,Switch,High,Contractor,Marketing,Segregation of Duties,,,,T1098,62,0.6,0.20300490942949043,False
user_59,Network Access,2025-01-15 00:00:00,asset_48,74,True,Router,Medium,Manager,Marketing,Role-based Access,,,,,84,0.7,0.3806162180463857,False
user_67,Network Access,2025-01-15 01:00:00,asset_56,32,True,Server,High,Admin,IT,Require MFA,,,,,162,0.9,0.3738276620958185,False
user_70,Login,2025-01-15 02:00:00,asset_38,20,True,Endpoint,High,Manager,IT,Role-based Access,,,,T1071,117,0.7,0.2538513627899103,False
user_97,Network Access,2025-01-15 03:00:00,asset_11,89,False,Switch,Medium,Employee,IT,Least Privilege,control_2,Least Privilege,Enabled,,40,0.5,0.5435754189944135,False
user_94,Login,2025-01-15 04:00:00,asset_32,24,False,Router,High,Employee,HR,Least Privilege,control_2,Least Privilege,Enabled,T1071,28,0.5,0.33319790079566614,False
user_84,Network Access,2025-01-15 05:00:00,asset_99,96,False,Router,Medium,Employee,Finance,Segregation of Duties,,,,,121,0.5,0.6552903335026241,False
user_77,Network Access,2025-01-15 06:00:00,asset_84,46,True,Router,Low,Manager,IT,Role-based Access,,,,,175,0.7,0.3974437108515321,False
user_96,Network Access,2025-01-15 07:00:00,asset_80,84,True,Firewall,Low,Manager,Marketing,Role-based Access,,,,,11,0.7,0.32935500253936006,False
user_79,Login,2025-01-15 08:00:00,asset_51,6,True,Workstation,Low,Contractor,Sales,Require MFA,,,,T1071,85,0.6,0.15900626375486712,False
user_70,File Access,2025-01-15 09:00:00,asset_38,16,False,Endpoint,High,Manager,IT,Role-based Access,,,,T1086,123,0.7,0.4484340612832233,False
user_47,Login,2025-01-15 10:00:00,asset_89,15,False,Switch,Medium,Intern,IT,Role-based Access,,,,T1071,51,0.3,0.2982901642119519,False
user_59,Network Access,2025-01-15 11:00:00,asset_38,25,False,Endpoint,High,Manager,Marketing,Role-based Access,,,,,151,0.7,0.5069917047570679,False
user_24,Network Access,2025-01-15 12:00:00,asset_42,65,False,Switch,Low,Intern,HR,Segregation of Duties,,,,,27,0.3,0.4229896732690029,False
user_86,File Access,2025-01-15 13:00:00,asset_9,7,True,Firewall,High,Employee,Finance,Require MFA,,,,T1086,89,0.5,0.14983917386152024,False
user_1,Admin Action,2025-01-15 14:00:00,asset_10,33,False,Firewall,Medium,Admin,IT,Segregation of Duties,,,,T1071,73,0.9,0.4774166243439987,False
user_61,Login,2025-01-15 15:00:00,asset_84,29,True,Router,Low,Employee,Marketing,Segregation of Duties,,,,T1071,166,0.5,0.3025393600812595,False
user_12,Privilege Escalation,2025-01-15 16:00:00,asset_5,89,False,Endpoint,High,Manager,Finance,Segregation of Duties,,,,T1098,139,0.7,0.6875232774674116,False
user_68,File Access,2025-01-15 17:00:00,asset_64,49,True,Firewall,Low,Intern,Marketing,Least Privilege,control_2,Least Privilege,Enabled,T1086,121,0.3,0.27953275774504827,False
user_71,Admin Action,2025-01-15 18:00:00,asset_98,33,True,Database,Low,Contractor,HR,Require MFA,,,,T1071,111,0.6,0.26987472490265785,False
user_57,Network Access,2025-01-15 19:00:00,asset_63,4,True,Server,High,Employee,IT,Role-based Access,,,,,152,0.5,0.2111393262231251,False
user_59,Network Access,2025-01-15 20:00:00,asset_70,6,False,Workstation,Medium,Manager,Marketing,Role-based Access,,,,,84,0.7,0.3745556119857796,False
user_84,File Access,2025-01-15 21:00:00,asset_66,45,True,Firewall,High,Employee,Finance,Segregation of Duties,,,,T1086,161,0.5,0.34543761638733705,False
user_63,File Access,2025-01-15 22:00:00,asset_5,72,True,Endpoint,High,Intern,Sales,Least Privilege,control_2,Least Privilege,Enabled,T1086,5,0.3,0.21962078889453193,False
user_38,Privilege Escalation,2025-01-15 23:00:00,asset_94,27,True,Workstation,Medium,Intern,Marketing,Segregation of Duties,,,,T1098,173,0.3,0.2709666497375995,False
user_13,File Access,2025-01-16 00:00:00,asset_19,18,False,Switch,Medium,Contractor,Marketing,Segregation of Duties,,,,T1086,66,0.6,0.37414084983917384,False
user_59,File Access,2025-01-16 01:00:00,asset_71,26,True,Switch,Low,Manager,Marketing,Role-based Access,,,,T1086,122,0.7,0.2776197731504994,False
user_58,Network Access,2025-01-16 02:00:00,asset_27,34,False,Switch,Medium,Contractor,Marketing,Segregation of Duties,,,,,96,0.6,0.4561452513966481,False
user_60,File Access,2025-01-16 03:00:00,asset_84,38,False,Router,Low,Employee,Marketing,Least Privilege,control_2,Least Privilege,Enabled,T1086,171,0.5,0.5353986795327578,False
user_82,Admin Action,2025-01-16 04:00:00,asset_80,93,False,Firewall,Low,Employee,Sales,Segregation of Duties,,,,T1071,126,0.5,0.6517860165904859,False
user_39,File Access,2025-01-16 05:00:00,asset_72,74,True,Database,Low,Employee,Finance,Least Privilege,control_2,Least Privilege,Enabled,T1086,97,0.5,0.36180802437785675,False
user_94,Login,2025-01-16 06:00:00,asset_64,90,False,Firewall,Low,Employee,HR,Least Privilege,control_2,Least Privilege,Enabled,T1071,143,0.5,0.6616895209073981,False
user_88,Privilege Escalation,2025-01-16 07:00:00,asset_88,51,False,Database,Low,Intern,Marketing,Least Privilege,control_2,Least Privilege,Enabled,T1098,101,0.3,0.46324699509057055,False
user_70,Login,2025-01-16 08:00:00,asset_3,93,False,Router,Low,Manager,IT,Role-based Access,,,,T1071,50,0.7,0.6002031488065007,False
user_41,Network Access,2025-01-16 09:00:00,asset_79,65,True,Database,Medium,Contractor,Finance,Segregation of Duties,,,,,91,0.6,0.344498053157271,False
user_57,Network Access,2025-01-16 10:00:00,asset_2,54,False,Router,Medium,Employee,IT,Role-based Access,,,,,14,0.5,0.40846453360419843,False
user_39,Login,2025-01-16 11:00:00,asset_13,60,False,Switch,Medium,Employee,Finance,Least Privilege,control_2,Least Privilege,Enabled,T1071,72,0.5,0.4914508210597596,False
user_17,Network Access,2025-01-16 12:00:00,asset_14,86,False,Router,Medium,Intern,Sales,Least Privilege,control_2,Least Privilege,Enabled,,18,0.3,0.4765701709835788,False
user_55,File Access,2025-01-16 13:00:00,asset_84,49,False,Router,Low,Admin,IT,Role-based Access,,,,T1086,47,0.9,0.4968511934992382,False
user_94,Admin Action,2025-01-16 14:00:00,asset_42,32,True,Switch,Low,Employee,HR,Least Privilege,control_2,Least Privilege,Enabled,T1071,100,0.5,0.23788725241239206,False
user_50,Login,2025-01-16 15:00:00,asset_83,29,True,Endpoint,High,Contractor,Finance,Least Privilege,control_2,Least Privilege,Enabled,T1071,125,0.6,0.2733959708820044,False
user_28,Admin Action,2025-01-16 16:00:00,asset_53,12,True,Server,High,Admin,Finance,Least Privilege,control_2,Least Privilege,Enabled,T1071,115,0.9,0.260707635009311,False
user_25,Admin Action,2025-01-16 17:00:00,asset_34,83,True,Switch,Low,Admin,Sales,Least Privilege,control_2,Least Privilege,Enabled,T1071,137,0.9,0.5004401557474183,False
user_41,Login,2025-01-16 18:00:00,asset_47,89,True,Switch,High,Contractor,Finance,Segregation of Duties,,,,T1071,7,0.6,0.32337057728119184,False
user_3,File Access,2025-01-16 19:00:00,asset_80,83,True,Firewall,Low,Contractor,Marketing,Require MFA,,,,T1086,129,0.6,0.4415016082613848,False
user_7,Privilege Escalation,2025-01-16 20:00:00,asset_5,35,True,Endpoint,High,Manager,Finance,Least Privilege,control_2,Least Privilege,Enabled,T1098,44,0.7,0.21774166243439985,False
user_6,File Access,2025-01-16 21:00:00,asset_29,72,False,Firewall,Low,Admin,HR,Least Privilege,control_2,Least Privilege,Enabled,T1086,120,0.9,0.6481124090062638,False
user_26,Privilege Escalation,2025-01-16 22:00:00,asset_43,65,False,Workstation,Low,Employee,Sales,Role-based Access,,,,T1098,122,0.5,0.5624682579989843,False
user_24,Login,2025-01-16 23:00:00,asset_6,13,True,Workstation,High,Intern,HR,Segregation of Duties,,,,T1071,129,0.3,0.1793803961401727,False
user_96,Login,2025-01-17 00:00:00,asset_96,26,False,Switch,Medium,Manager,Marketing,Role-based Access,,,,T1071,63,0.7,0.4116979854410022,False
user_75,File Access,2025-01-17 01:00:00,asset_98,63,False,Database,Low,Manager,Marketing,Require MFA,,,,T1086,7,0.7,0.4612493651599797,False
user_54,Network Access,2025-01-17 02:00:00,asset_14,77,True,Router,Medium,Contractor,IT,Segregation of Duties,,,,,101,0.6,0.3920348738784493,False
user_20,Admin Action,2025-01-17 03:00:00,asset_72,88,False,Database,Low,Contractor,Sales,Least Privilege,control_2,Least Privilege,Enabled,T1071,12,0.6,0.5259268664296597,False
user_6,Privilege Escalation,2025-01-17 04:00:00,asset_27,21,True,Switch,Medium,Admin,HR,Least Privilege,control_2,Least Privilege,Enabled,T1098,48,0.9,0.21312002708650754,False
user_88,Privilege Escalation,2025-01-17 05:00:00,asset_11,10,True,Switch,Medium,Intern,Marketing,Least Privilege,control_2,Least Privilege,Enabled,T1098,10,0.3,0.03732859319451499,False
user_39,File Access,2025-01-17 06:00:00,asset_38,82,False,Endpoint,High,Employee,Finance,Least Privilege,control_2,Least Privilege,Enabled,T1086,105,0.5,0.5949889961063146,False
user_6,Privilege Escalation,2025-01-17 07:00:00,asset_94,52,False,Workstation,Medium,Admin,HR,Least Privilege,control_2,Least Privilege,Enabled,T1098,148,0.9,0.6187912646013205,False
user_48,Admin Action,2025-01-17 08:00:00,asset_48,32,False,Router,Medium,Contractor,Sales,Require MFA,,,,T1071,106,0.6,0.4612578296935839,False
user_6,Privilege Escalation,2025-01-17 09:00:00,asset_49,95,False,Endpoint,Low,Admin,HR,Least Privilege,control_2,Least Privilege,Enabled,T1098,72,0.9,0.6641780937870323,False
user_53,Network Access,2025-01-17 10:00:00,asset_56,3,False,Server,High,Contractor,Sales,Segregation of Duties,,,,,98,0.6,0.36444049432876247,False
user_100,File Access,2025-01-17 11:00:00,asset_89,83,True,Switch,Medium,Intern,Sales,Segregation of Duties,,,,T1086,123,0.3,0.38479769764685967,False
user_24,Login,2025-01-17 12:00:00,asset_47,81,False,Switch,High,Intern,HR,Segregation of Duties,,,,T1071,89,0.3,0.5407482647706112,False
user_48,Admin Action,2025-01-17 13:00:00,asset_41,100,True,Router,High,Contractor,Sales,Require MFA,,,,T1071,156,0.6,0.5231843575418995,False
user_60,Login,2025-01-17 14:00:00,asset_7,34,False,Server,High,Employee,Marketing,Least Privilege,control_2,Least Privilege,Enabled,T1071,120,0.5,0.46629422718808194,False
user_60,Login,2025-01-17 15:00:00,asset_36,13,False,Router,Low,Employee,Marketing,Least Privilege,control_2,Least Privilege,Enabled,T1071,64,0.5,0.3400880311494837,False
user_28,Network Access,2025-01-17 16:00:00,asset_69,30,True,Firewall,High,Admin,Finance,Least Privilege,control_2,Least Privilege,Enabled,,177,0.9,0.3845268325715253,False
user_23,Admin Action,2025-01-17 17:00:00,asset_88,42,False,Database,Low,Admin,Sales,Role-based Access,,,,T1071,139,0.9,0.5784323683765025,False
user_76,File Access,2025-01-17 18:00:00,asset_25,26,True,Router,High,Manager,Finance,Require MFA,,,,T1086,178,0.7,0.34018960555273403,False
user_21,File Access,2025-01-17 19:00:00,asset_77,45,True,Workstation,Low,Employee,Marketing,Least Privilege,control_2,Least Privilege,Enabled,T1086,116,0.5,0.2951582867783985,False
user_37,Privilege Escalation,2025-01-17 20:00:00,asset_74,11,True,Server,Low,Employee,IT,Require MFA,,,,T1098,13,0.5,0.07704418486541392,False
user_38,File Access,2025-01-17 21:00:00,asset_66,82,False,Firewall,High,Intern,Marketing,Segregation of Duties,,,,T1086,65,0.3,0.5169629253428136,False
user_20,Login,2025-01-17 22:00:00,asset_11,6,True,Switch,Medium,Contractor,Sales,Least Privilege,control_2,Least Privilege,Enabled,T1071,98,0.6,0.17353140341967158,False
user_51,Privilege Escalation,2025-01-17 23:00:00,asset_68,56,True,Router,Medium,Admin,Sales,Require MFA,,,,T1098,132,0.9,0.4130353817504656,False
user_63,Login,2025-01-18 00:00:00,asset_17,96,True,Firewall,Low,Intern,Sales,Least Privilege,control_2,Least Privilege,Enabled,T1071,83,0.3,0.3794988996106315,False
user_13,Login,2025-01-18 01:00:00,asset_99,93,True,Router,Medium,Contractor,Marketing,Segregation of Duties,,,,T1071,20,0.6,0.35001692906720844,False
user_6,Login,2025-01-18 02:00:00,asset_66,36,True,Firewall,High,Admin,HR,Least Privilege,control_2,Least Privilege,Enabled,T1071,11,0.9,0.21723379041814797,False
user_9,File Access,2025-01-18 03:00:00,asset_58,73,True,Server,Low,Contractor,IT,Role-based Access,,,,T1086,51,0.6,0.32404773996952774,False
user_29,Privilege Escalation,2025-01-18 04:00:00,asset_94,48,False,Workstation,Medium,Admin,HR,Least Privilege,control_2,Least Privilege,Enabled,T1098,111,0.9,0.5653292703572033,False
user_11,File Access,2025-01-18 05:00:00,asset_61,38,True,Firewall,Low,Intern,Finance,Require MFA,,,,T1086,5,0.3,0.11659048586422888,False
user_94,Admin Action,2025-01-18 06:00:00,asset_65,30,False,Switch,High,Employee,HR,Least Privilege,control_2,Least Privilege,Enabled,T1071,161,0.5,0.4999830709327916,False
user_19,Admin Action,2025-01-18 07:00:00,asset_100,46,True,Database,Medium,Employee,Marketing,Require MFA,,,,T1071,64,0.5,0.24008803114948368,False
user_78,Admin Action,2025-01-18 08:00:00,asset_85,28,False,Router,High,Intern,IT,Role-based Access,,,,T1071,59,0.3,0.34662265109192486,False
user_12,File Access,2025-01-18 09:00:00,asset_72,50,True,Database,Low,Manager,Finance,Segregation of Duties,,,,T1086,176,0.7,0.4106822414084984,False
user_87,Login,2025-01-18 10:00:00,asset_90,81,False,Workstation,High,Contractor,Finance,Segregation of Duties,,,,T1071,22,0.6,0.5158879295750805,False
user_67,File Access,2025-01-18 11:00:00,asset_51,35,True,Workstation,Low,Admin,IT,Require MFA,,,,T1086,111,0.9,0.325935330963264,False
user_54,File Access,2025-01-18 12:00:00,asset_16,66,False,Database,Low,Contractor,IT,Segregation of Duties,,,,T1086,58,0.6,0.5106568478076858,False
user_7,File Access,2025-01-18 13:00:00,asset_59,100,False,Endpoint,Medium,Manager,Finance,Least Privilege,control_2,Least Privilege,Enabled,T1086,108,0.7,0.686219739292365,False
user_41,Privilege Escalation,2025-01-18 14:00:00,asset_55,98,True,Switch,Low,Contractor,Finance,Segregation of Duties,,,,T1098,63,0.6,0.41321313695615375,False
user_87,Network Access,2025-01-18 15:00:00,asset_74,13,False,Server,Low,Contractor,Finance,Segregation of Duties,,,,,129,0.6,0.4293803961401727,False
user_13,File Access,2025-01-18 16:00:00,asset_67,41,False,Workstation,High,Contractor,Marketing,Segregation of Duties,,,,T1086,2,0.6,0.3723294396478754,False
user_30,File Access,2025-01-18 17:00:00,asset_100,100,False,Database,Medium,Contractor,Sales,Role-based Access,,,,T1086,98,0.6,0.6583798882681564,False
user_13,File Access,2025-01-18 18:00:00,asset_96,49,False,Switch,Medium,Contractor,Marketing,Segregation of Duties,,,,T1086,153,0.6,0.5652869476891823,False
user_17,Privilege Escalation,2025-01-18 19:00:00,asset_73,80,False,Switch,High,Intern,Sales,Least Privilege,control_2,Least Privilege,Enabled,T1098,176,0.3,0.6349246656509226,False
user_65,Privilege Escalation,2025-01-18 20:00:00,asset_56,80,False,Server,High,Contractor,IT,Role-based Access,,,,T1098,81,0.6,0.5787794142542746,False
user_33,File Access,2025-01-18 21:00:00,asset_35,92,True,Firewall,High,Admin,Marketing,Require MFA,,,,T1086,82,0.9,0.4662603690536652,False
user_53,Login,2025-01-18 22:00:00,asset_71,74,True,Switch,Low,Contractor,Sales,Segregation of Duties,,,,T1071,121,0.6,0.405290333502624,False
user_76,File Access,2025-01-18 23:00:00,asset_40,62,True,Database,Low,Manager,Finance,Require MFA,,,,T1086,25,0.7,0.2783307939732521,False
user_40,Admin Action,2025-01-19 00:00:00,asset_31,91,True,Database,Low,Manager,Marketing,Segregation of Duties,,,,T1071,103,0.7,0.4533604198408668,False
user_61,Privilege Escalation,2025-01-19 01:00:00,asset_74,84,True,Server,Low,Employee,Marketing,Segregation of Duties,,,,T1098,93,0.5,0.38764178093787033,False
user_1,Login,2025-01-19 02:00:00,asset_85,47,True,Router,High,Admin,IT,Segregation of Duties,,,,T1071,178,0.9,0.43715930252243107,False
user_23,Admin Action,2025-01-19 03:00:00,asset_86,54,True,Router,High,Admin,Sales,Role-based Access,,,,T1071,77,0.9,0.3455222617233791,False
user_33,Privilege Escalation,2025-01-19 04:00:00,asset_9,62,True,Firewall,High,Admin,Marketing,Require MFA,,,,T1098,125,0.9,0.4233959708820044,False
user_37,File Access,2025-01-19 05:00:00,asset_61,52,False,Firewall,Low,Employee,IT,Require MFA,,,,T1086,39,0.5,0.4303368884374471,False
user_70,Admin Action,2025-01-19 06:00:00,asset_42,49,False,Switch,Low,Manager,IT,Role-based Access,,,,T1071,93,0.7,0.5149145082105976,False
user_91,File Access,2025-01-19 07:00:00,asset_22,28,False,Endpoint,High,Admin,HR,Least Privilege,control_2,Least Privilege,Enabled,T1086,113,0.9,0.5069578466226512,False
user_26,Network Access,2025-01-19 08:00:00,asset_20,54,True,Firewall,High,Employee,Sales,Role-based Access,,,,,140,0.5,0.34924665650922637,False
user_89,Privilege Escalation,2025-01-19 09:00:00,asset_54,69,True,Router,Low,Admin,Marketing,Least Privilege,control_2,Least Privilege,Enabled,T1098,87,0.9,0.4021499915354664,False
user_39,File Access,2025-01-19 10:00:00,asset_37,18,False,Endpoint,Medium,Employee,Finance,Least Privilege,control_2,Least Privilege,Enabled,T1086,121,0.5,0.41892669713898767,False
user_32,Network Access,2025-01-19 11:00:00,asset_30,91,False,Router,High,Manager,Sales,Segregation of Duties,,,,,1,0.7,0.5393939393939394,False
user_12,Privilege Escalation,2025-01-19 12:00:00,asset_50,34,True,Router,Medium,Manager,Finance,Segregation of Duties,,,,T1098,141,0.7,0.3230912476722533,False
user_59,Privilege Escalation,2025-01-19 13:00:00,asset_32,32,True,Router,High,Manager,Marketing,Role-based Access,,,,T1098,161,0.7,0.339377010326731,False
user_50,Login,2025-01-19 14:00:00,asset_69,69,True,Firewall,High,Contractor,Finance,Least Privilege,control_2,Least Privilege,Enabled,T1071,168,0.6,0.4426527848315558,False
user_13,Admin Action,2025-01-19 15:00:00,asset_98,12,True,Database,Low,Contractor,Marketing,Segregation of Duties,,,,T1071,32,0.6,0.11797020484171322,False
user_89,Login,2025-01-19 16:00:00,asset_78,85,True,Router,High,Admin,Marketing,Least Privilege,control_2,Least Privilege,Enabled,T1071,114,0.9,0.480802437785678,False
user_36,File Access,2025-01-19 17:00:00,asset_34,88,True,Switch,Low,Intern,Sales,Require MFA,,,,T1086,90,0.3,0.3630777044184866,False
user_73,Login,2025-01-19 18:00:00,asset_84,3,False,Router,Low,Intern,Sales,Role-based Access,,,,T1071,35,0.3,0.24404943287624853,False
user_60,Privilege Escalation,2025-01-19 19:00:00,asset_89,31,True,Switch,Medium,Employee,Marketing,Least Privilege,control_2,Least Privilege,Enabled,T1098,175,0.5,0.31865583206365333,False
user_95,Login,2025-01-19 20:00:00,asset_3,83,False,Router,Low,Contractor,HR,Role-based Access,,,,T1071,142,0.6,0.6560267479261893,False
user_22,File Access,2025-01-19 21:00:00,asset_44,31,True,Server,High,Intern,Finance,Least Privilege,control_2,Least Privilege,Enabled,T1086,173,0.3,0.28308786185881163,False
user_85,Admin Action,2025-01-19 22:00:00,asset_85,14,False,Router,High,Admin,Marketing,Require MFA,,,,T1071,128,0.9,0.48129338073472155,False
user_96,Network Access,2025-01-19 23:00:00,asset_28,79,False,Workstation,Medium,Manager,Marketing,Role-based Access,,,,,15,0.7,0.5186727611308617,False
user_36,Login,2025-01-20 00:00:00,asset_67,86,True,Workstation,High,Intern,Sales,Require MFA,,,,T1071,12,0.3,0.26986626036905365,False
user_14,Network Access,2025-01-20 01:00:00,asset_67,66,True,Workstation,High,Manager,IT,Require MFA,,,,,104,0.7,0.3787201625190452,False
user_42,File Access,2025-01-20 02:00:00,asset_18,60,True,Server,Medium,Employee,Sales,Role-based Access,,,,T1086,176,0.5,0.40765193837819536,False
user_59,Login,2025-01-20 03:00:00,asset_25,44,True,Router,High,Manager,Marketing,Role-based Access,,,,T1071,145,0.7,0.3578635517183003,False
user_72,Login,2025-01-20 04:00:00,asset_57,41,True,Server,High,Admin,HR,Require MFA,,,,T1071,76,0.9,0.3050110038936855,False
user_12,File Access,2025-01-20 05:00:00,asset_44,14,False,Server,High,Manager,Finance,Segregation of Duties,,,,T1086,125,0.7,0.4446080920941256,False
user_38,Admin Action,2025-01-20 06:00:00,asset_96,41,True,Switch,Medium,Intern,Marketing,Segregation of Duties,,,,T1071,11,0.3,0.1323853055696631,False
user_71,Login,2025-01-20 07:00:00,asset_81,64,True,Database,High,Contractor,HR,Require MFA,,,,T1071,22,0.6,0.2643727780599289,False
user_64,Network Access,2025-01-20 08:00:00,asset_89,59,False,Switch,Medium,Manager,IT,Least Privilege,control_2,Least Privilege,Enabled,,178,0.7,0.6401896055527341,False
user_18,File Access,2025-01-20 09:00:00,asset_93,35,False,Firewall,Medium,Intern,IT,Role-based Access,,,,T1086,83,0.3,0.39465041476214663,False
user_50,File Access,2025-01-20 10:00:00,asset_93,29,True,Firewall,Medium,Contractor,Finance,Least Privilege,control_2,Least Privilege,Enabled,T1086,112,0.6,0.2588708312171999,False
user_61,Privilege Escalation,2025-01-20 11:00:00,asset_31,79,False,Database,Low,Employee,Marketing,Segregation of Duties,,,,T1098,63,0.5,0.5389707127137295,False
user_81,Privilege Escalation,2025-01-20 12:00:00,asset_72,82,True,Database,Low,Contractor,IT,Role-based Access,,,,T1098,27,0.6,0.32450482478415443,False
user_61,Login,2025-01-20 13:00:00,asset_75,5,True,Server,Low,Employee,Marketing,Segregation of Duties,,,,T1071,49,0.5,0.09908583037074656,False
user_42,File Access,2025-01-20 14:00:00,asset_55,69,True,Switch,Low,Employee,Sales,Role-based Access,,,,T1086,59,0.5,0.30419840866768244,False
user_36,Login,2025-01-20 15:00:00,asset_19,6,True,Switch,Medium,Intern,Sales,Require MFA,,,,T1071,177,0.3,0.21179955984425258,False
user_84,Network Access,2025-01-20 16:00:00,asset_15,75,False,Workstation,Medium,Employee,Finance,Segregation of Duties,,,,,25,0.5,0.48439140003385817,False
user_9,Network Access,2025-01-20 17:00:00,asset_59,10,True,Endpoint,Medium,Contractor,IT,Role-based Access,,,,,73,0.6,0.15771965464702897,False
user_10,Privilege Escalation,2025-01-20 18:00:00,asset_20,50,False,Firewall,High,Admin,Finance,Least Privilege,control_2,Least Privilege,Enabled,T1098,177,0.9,0.6451328931775859,False
user_27,Privilege Escalation,2025-01-20 19:00:00,asset_91,77,True,Switch,High,Admin,HR,Least Privilege,control_2,Least Privilege,Enabled,T1098,92,0.9,0.43197900795666155,False
user_29,Privilege Escalation,2025-01-20 20:00:00,asset_67,63,False,Workstation,High,Admin,HR,Least Privilege,control_2,Least Privilege,Enabled,T1098,6,0.9,0.49346538005755886,False
user_37,Login,2025-01-20 21:00:00,asset_5,96,True,Endpoint,High,Employee,IT,Require MFA,,,,T1071,127,0.5,0.4619942441171492,False
user_13,File Access,2025-01-20 22:00:00,asset_16,37,False,Database,Low,Contractor,Marketing,Segregation of Duties,,,,T1086,177,0.6,0.5557389537836466,False
user_90,Login,2025-01-20 23:00:00,asset_98,62,True,Database,Low,Manager,Finance,Least Privilege,control_2,Least Privilege,Enabled,T1071,140,0.7,0.40682241408498393,False
user_83,Admin Action,2025-01-21 00:00:00,asset_37,63,True,Endpoint,Medium,Admin,IT,Least Privilege,control_2,Least Privilege,Enabled,T1071,60,0.9,0.35380057558828515,False
user_55,Admin Action,2025-01-21 01:00:00,asset_95,67,True,Workstation,Medium,Admin,IT,Role-based Access,,,,T1071,119,0.9,0.43184357541899443,False
user_57,Login,2025-01-21 02:00:00,asset_62,63,False,Workstation,Low,Employee,IT,Role-based Access,,,,T1071,158,0.5,0.5966311156255291,False
user_21,Network Access,2025-01-21 03:00:00,asset_14,47,False,Router,Medium,Employee,Marketing,Least Privilege,control_2,Least Privilege,Enabled,,83,0.5,0.46434738445911633,False
user_5,File Access,2025-01-21 04:00:00,asset_53,10,True,Server,High,Admin,HR,Require MFA,,,,T1086,127,0.9,0.2680548501777552,False
user_56,Login,2025-01-21 05:00:00,asset_66,15,True,Firewall,High,Intern,Sales,Require MFA,,,,T1071,52,0.3,0.09940748264770612,False
user_55,Login,2025-01-21 06:00:00,asset_18,79,False,Server,Medium,Admin,IT,Role-based Access,,,,T1071,154,0.9,0.7073133570340275,True
user_63,Network Access,2025-01-21 07:00:00,asset_87,18,False,Endpoint,High,Intern,Sales,Least Privilege,control_2,Least Privilege,Enabled,,140,0.3,0.40682241408498393,False
user_77,Network Access,2025-01-21 08:00:00,asset_22,64,False,Endpoint,High,Manager,IT,Role-based Access,,,,,76,0.7,0.5413746402573218,False
user_63,Privilege Escalation,2025-01-21 09:00:00,asset_8,6,False,Switch,High,Intern,Sales,Least Privilege,control_2,Least Privilege,Enabled,T1098,21,0.3,0.23749788386659898,False
user_11,Login,2025-01-21 10:00:00,asset_47,5,True,Switch,High,Intern,Finance,Require MFA,,,,T1071,145,0.3,0.17301506686981546,False
user_45,Network Access,2025-01-21 11:00:00,asset_66,81,True,Firewall,High,Contractor,HR,Least Privilege,control_2,Least Privilege,Enabled,,100,0.6,0.4030387675639072,False
user_93,File Access,2025-01-21 12:00:00,asset_76,15,True,Server,Medium,Admin,Finance,Role-based Access,,,,T1086,140,0.9,0.29773150499407486,False
user_62,Login,2025-01-21 13:00:00,asset_27,75,False,Switch,Medium,Employee,IT,Role-based Access,,,,T1071,135,0.5,0.6072964279668192,False
user_22,Admin Action,2025-01-21 14:00:00,asset_75,30,False,Server,Low,Intern,Finance,Least Privilege,control_2,Least Privilege,Enabled,T1071,50,0.3,0.3426273912307432,False
user_11,Privilege Escalation,2025-01-21 15:00:00,asset_45,93,True,Router,High,Intern,Finance,Require MFA,,,,T1098,121,0.3,0.41286609107838157,False
user_95,File Access,2025-01-21 16:00:00,asset_82,13,False,Database,Medium,Contractor,HR,Role-based Access,,,,T1086,52,0.6,0.34334687658710006,False
user_66,Network Access,2025-01-21 17:00:00,asset_5,37,False,Endpoint,High,Employee,Sales,Require MFA,,,,,65,0.5,0.4139326223125106,False
user_4,Privilege Escalation,2025-01-21 18:00:00,asset_92,90,False,Workstation,Low,Contractor,IT,Require MFA,,,,T1098,24,0.6,0.545395293719316,False
user_25,Admin Action,2025-01-21 19:00:00,asset_93,78,False,Firewall,Medium,Admin,Sales,Least Privilege,control_2,Least Privilege,Enabled,T1071,114,0.9,0.6595903165735568,False
