AlertID,Timestamp,UserID,Alert Type,Severity,Description,Resolved
A0001,2025-03-21 17:18:18,u009,Brute Force,Critical,Explain space final and daughter main both purpose.,True
A0002,2025-03-31 14:01:04,u056,Brute Force,Low,Program hair people and.,False
A0003,2025-03-19 13:33:10,u075,Privilege Escalation,Low,Probably tax financial scientist sign attention.,False
A0004,2025-04-12 21:57:03,u039,Brute Force,Low,The manager major newspaper rock mind.,True
A0005,2025-03-22 11:18:30,u040,Unusual Access Time,Low,Writer modern available include.,True
A0006,2025-03-30 04:38:19,u080,Unusual Access Time,High,Bag should partner lay.,False
A0007,2025-03-24 00:27:13,u036,Brute Force,High,Quality information citizen without Mrs such job.,True
A0008,2025-04-12 07:12:15,u002,Data Exfiltration,Low,Prevent manage line.,True
A0009,2025-04-06 07:42:06,u077,Brute Force,Medium,Happen look attorney final sell wonder leg.,True
A0010,2025-04-05 03:14:32,u037,Privilege Escalation,Medium,Sing loss guess either.,True
A0011,2025-04-11 02:29:41,u097,Unusual Access Time,Low,Only word moment pretty concern.,True
A0012,2025-03-14 20:40:19,u008,Brute Force,High,Once should real Mrs lay new everyone.,False
A0013,2025-03-14 21:46:16,u062,Data Exfiltration,Medium,Goal join reduce allow eat side.,False
A0014,2025-03-19 02:27:17,u006,Unusual Access Time,Low,Why like decide.,True
A0015,2025-03-27 15:16:09,u062,Brute Force,Medium,Community paper attack.,False
A0016,2025-03-26 20:42:21,u035,Privilege Escalation,Low,Just writer citizen sport.,False
A0017,2025-03-26 06:20:39,u075,Privilege Escalation,Medium,Traditional probably article last forward.,False
A0018,2025-03-18 03:27:57,u030,Unusual Access Time,High,Themselves other today PM.,False
A0019,2025-04-03 03:36:12,u065,Data Exfiltration,High,Six manager son beyond change.,True
A0020,2025-04-01 15:07:46,u031,Brute Force,Medium,Pick suggest woman suggest question theory.,False
A0021,2025-03-24 22:01:40,u075,Unusual Access Time,Medium,Method federal easy continue attack expect theory.,True
A0022,2025-04-08 08:13:14,u051,Data Exfiltration,Medium,Morning book whatever building whole.,False
A0023,2025-03-23 16:50:45,u020,Phishing,Low,Impact next not.,True
A0024,2025-04-11 10:58:17,u005,Brute Force,High,Door admit visit against some foreign.,True
A0025,2025-03-19 02:06:48,u022,Data Exfiltration,Medium,Eight arm seven interest enter.,True
A0026,2025-04-12 08:16:42,u079,Unusual Access Time,Low,Wish race book career brother gun small truth.,True
A0027,2025-03-17 06:36:45,u046,Unusual Access Time,High,Impact walk sometimes evidence.,True
A0028,2025-03-14 23:58:50,u049,Phishing,Low,Majority determine away girl.,True
A0029,2025-03-18 04:43:47,u004,Unusual Access Time,Low,Compare peace style become.,False
A0030,2025-04-07 23:12:35,u090,Unusual Access Time,Low,Around ground left north while measure.,False
A0031,2025-04-05 03:26:59,u077,Data Exfiltration,Medium,Goal test finish responsibility recent.,False
A0032,2025-04-12 21:23:31,u077,Phishing,Critical,Tonight some spend interest though role firm instead.,False
A0033,2025-03-26 06:11:59,u019,Unusual Access Time,Low,Surface health heart hold.,False
A0034,2025-04-10 19:23:02,u008,Phishing,Medium,Report reason country debate son.,True
A0035,2025-03-24 17:28:38,u087,Unusual Access Time,High,Cover front system help.,True
A0036,2025-03-17 17:10:29,u099,Data Exfiltration,Medium,Skill nature another check.,False
A0037,2025-04-01 00:26:26,u025,Privilege Escalation,Critical,Indeed feel should whose into color later.,False
A0038,2025-03-21 08:26:18,u035,Unusual Access Time,High,Cause music picture first air thousand certain.,True
A0039,2025-04-01 00:05:41,u034,Data Exfiltration,Low,Professor business true guy answer recognize.,False
A0040,2025-04-10 09:11:01,u082,Phishing,Low,Discover lawyer assume away debate positive somebody our.,False
A0041,2025-03-31 22:35:57,u077,Brute Force,Medium,Account reason sure act pay general.,False
A0042,2025-04-03 14:15:42,u050,Brute Force,Medium,Run its near really.,True
A0043,2025-04-05 18:37:30,u081,Brute Force,Low,You provide fire hear bank main according.,False
A0044,2025-03-26 16:04:39,u019,Brute Force,High,Around board her important sure offer trip.,False
A0045,2025-04-11 10:48:14,u058,Brute Force,Low,Accept technology all describe coach concern.,False
A0046,2025-03-23 07:23:05,u080,Phishing,Medium,Course measure and meeting thing home stuff.,False
A0047,2025-04-05 16:42:05,u100,Data Exfiltration,High,Past name plan set offer present.,False
A0048,2025-03-16 15:01:29,u034,Data Exfiltration,Low,Magazine look interesting shake wife all upon.,True
A0049,2025-03-30 13:08:33,u021,Unusual Access Time,High,Magazine paper age physical current note.,True
A0050,2025-03-30 21:46:03,u072,Data Exfiltration,Medium,Reality size move red join.,False
A0051,2025-03-19 19:04:53,u026,Data Exfiltration,Medium,Himself artist usually start chance.,True
A0052,2025-04-03 14:46:21,u059,Privilege Escalation,Medium,Majority bit instead smile happen successful human.,False
A0053,2025-04-03 15:08:26,u072,Brute Force,Critical,According understand happen begin actually.,True
A0054,2025-04-03 23:18:45,u075,Brute Force,Low,Only world various picture rule.,True
A0055,2025-04-04 00:16:00,u038,Privilege Escalation,Medium,Break debate fear degree use day.,False
A0056,2025-03-26 02:00:48,u043,Phishing,High,Receive wife point fall spring choose power.,True
A0057,2025-04-07 15:24:24,u081,Unusual Access Time,Medium,Sell magazine perform.,False
A0058,2025-03-14 19:16:52,u037,Brute Force,Medium,Such right culture watch wrong.,True
A0059,2025-03-31 04:48:30,u005,Phishing,Low,Career similar idea remain glass.,False
A0060,2025-04-07 01:03:59,u065,Unusual Access Time,High,Concern law enough information which join.,False
A0061,2025-03-17 15:35:22,u033,Phishing,Critical,Throughout tax gas any manager political.,False
A0062,2025-04-04 22:56:48,u084,Unusual Access Time,Low,Your story teacher exist.,False
A0063,2025-03-29 00:10:32,u076,Privilege Escalation,Critical,Job game pressure lawyer born quickly wind include.,False
A0064,2025-03-16 06:05:28,u050,Data Exfiltration,Low,Must point great tonight week like.,True
A0065,2025-04-08 02:49:14,u090,Data Exfiltration,Low,International range arrive figure son crime Mrs design.,False
A0066,2025-03-20 05:27:16,u099,Brute Force,Medium,If near energy fund later role change.,False
A0067,2025-04-12 05:12:19,u074,Unusual Access Time,Medium,Our wind painting.,True
A0068,2025-04-03 09:20:18,u003,Unusual Access Time,Medium,Lot party mother purpose family.,True
A0069,2025-03-26 14:59:32,u099,Brute Force,High,Walk school word year establish.,True
A0070,2025-03-31 10:15:09,u064,Privilege Escalation,High,Tv response chance small create.,True
A0071,2025-03-24 15:12:19,u080,Phishing,Low,Page strong term main feeling bag season short.,True
A0072,2025-03-29 14:15:13,u063,Unusual Access Time,Low,Ahead glass way face manage.,False
A0073,2025-03-28 00:34:52,u010,Data Exfiltration,Medium,Quality he under body phone.,False
A0074,2025-04-02 17:17:34,u080,Brute Force,Low,Brother without thus perform particular only.,False
A0075,2025-04-02 07:52:45,u034,Privilege Escalation,Low,Go entire change carry when check election.,True
A0076,2025-03-25 07:44:46,u066,Unusual Access Time,Critical,Under rock next week scientist recognize so.,False
A0077,2025-04-12 02:07:21,u030,Unusual Access Time,Low,Agent dark sound again professor operation next.,True
A0078,2025-03-19 18:27:46,u049,Phishing,Low,Team front mother possible.,True
A0079,2025-04-07 14:29:40,u093,Brute Force,Medium,Common popular project only minute light within.,True
A0080,2025-03-19 09:50:27,u051,Data Exfiltration,Critical,Future girl character.,False
A0081,2025-03-27 22:46:42,u032,Data Exfiltration,Critical,Artist later someone.,True
A0082,2025-04-07 15:03:25,u097,Phishing,Low,Pm charge or put upon.,False
A0083,2025-03-22 12:06:24,u050,Privilege Escalation,Critical,Also space good from glass type structure.,False
A0084,2025-04-07 05:24:21,u047,Privilege Escalation,Medium,Official thousand whose own or white air Mrs.,True
A0085,2025-03-20 09:45:30,u083,Phishing,Medium,Rest term tree pass he training one.,True
A0086,2025-03-23 11:16:00,u009,Privilege Escalation,Critical,Production consider state difference stock.,True
A0087,2025-04-09 18:37:15,u076,Data Exfiltration,High,Head full thing.,True
A0088,2025-03-24 13:39:57,u078,Privilege Escalation,Medium,Indicate scientist offer issue long civil anything.,False
A0089,2025-03-23 23:22:38,u036,Brute Force,Medium,Many ability bit.,True
A0090,2025-04-08 20:48:38,u021,Data Exfiltration,Medium,Race born building into more.,False
A0091,2025-03-15 16:45:23,u027,Phishing,Medium,Help budget television message.,True
A0092,2025-03-25 14:16:37,u026,Unusual Access Time,Critical,Arrive body modern bit no responsibility peace.,True
A0093,2025-03-15 02:43:33,u019,Unusual Access Time,Low,Effort leader modern within.,False
A0094,2025-03-29 15:56:57,u010,Data Exfiltration,Medium,Stuff north development everything candidate.,False
A0095,2025-04-07 16:50:54,u080,Brute Force,Medium,Forget truth current camera.,True
A0096,2025-04-02 18:26:57,u058,Data Exfiltration,Medium,Here operation participant affect better answer almost.,True
A0097,2025-03-24 21:56:12,u099,Privilege Escalation,Low,Baby cover office her program.,True
A0098,2025-03-24 16:56:07,u056,Privilege Escalation,Medium,Ready avoid government interview pass.,True
A0099,2025-03-15 12:10:45,u095,Unusual Access Time,Medium,Summer or like.,True
A0100,2025-03-24 03:29:23,u100,Data Exfiltration,Medium,Mean edge among direction yard trouble smile.,True
A0101,2025-04-08 05:44:40,u063,Unusual Access Time,High,Send water happen debate view.,False
A0102,2025-03-23 19:41:48,u034,Brute Force,Low,Adult represent any despite government reveal.,True
A0103,2025-04-09 15:18:53,u022,Brute Force,Critical,Event current cost later despite training.,True
A0104,2025-03-19 04:53:11,u074,Privilege Escalation,Medium,Nature realize southern street contain relate require.,False
A0105,2025-04-04 16:23:57,u044,Privilege Escalation,Low,Wide card board during training.,True
A0106,2025-03-24 21:05:12,u057,Privilege Escalation,Low,Education answer blood challenge wonder.,False
A0107,2025-03-27 10:16:21,u047,Brute Force,High,Base service stand measure.,True
A0108,2025-03-25 10:31:19,u059,Phishing,High,Laugh market stay many.,True
A0109,2025-04-01 06:03:22,u025,Phishing,Medium,Name ability population number campaign or.,True
A0110,2025-03-21 00:41:54,u079,Phishing,Low,Type rest name term turn unit.,True
A0111,2025-03-25 15:25:01,u049,Data Exfiltration,Low,Matter police anyone including painting subject among fly.,False
A0112,2025-03-29 23:04:40,u030,Data Exfiltration,Low,Agreement step test several.,True
A0113,2025-04-10 16:30:26,u021,Phishing,Low,Shoulder war film Mr different admit break Republican.,True
A0114,2025-04-05 07:35:14,u049,Privilege Escalation,Medium,Operation walk according party establish.,False
A0115,2025-03-19 02:04:23,u096,Data Exfiltration,Medium,Order too this.,False
A0116,2025-03-16 22:30:38,u048,Data Exfiltration,Critical,Beat yourself find available.,False
A0117,2025-03-17 16:33:52,u073,Phishing,Low,Wonder space particular skin.,False
A0118,2025-03-29 20:16:20,u058,Privilege Escalation,High,Page smile less mother purpose part.,True
A0119,2025-04-07 07:39:41,u017,Brute Force,Medium,Face partner draw go focus information.,True
A0120,2025-04-02 19:57:30,u072,Data Exfiltration,Low,South environmental which.,False
A0121,2025-04-13 00:47:25,u048,Data Exfiltration,Low,Degree federal other activity I you easy.,True
A0122,2025-03-16 14:13:31,u027,Privilege Escalation,Low,Concern laugh organization street stuff rock foreign pressure.,False
A0123,2025-04-08 00:20:18,u094,Unusual Access Time,Critical,Mention detail enough suddenly.,True
A0124,2025-04-11 15:23:13,u099,Phishing,Critical,Without some effort red forward.,True
A0125,2025-03-28 20:17:27,u056,Data Exfiltration,Low,They magazine record indicate wish.,False
A0126,2025-03-23 04:26:59,u067,Phishing,Critical,Ever he war modern position.,True
A0127,2025-04-03 13:33:37,u069,Phishing,Critical,Simple know garden say pass.,True
A0128,2025-03-29 16:45:24,u084,Data Exfiltration,Low,Send strategy against value quickly record doctor network.,False
A0129,2025-03-30 05:24:01,u033,Unusual Access Time,Medium,Believe lot result level wind finally pretty.,True
A0130,2025-04-06 14:55:51,u020,Privilege Escalation,Medium,Per camera much woman anyone note.,True
A0131,2025-03-26 18:58:54,u048,Phishing,Low,Dinner alone body front indicate central himself can.,False
A0132,2025-03-22 07:56:35,u078,Data Exfiltration,Medium,Also leave price box range.,True
A0133,2025-03-30 15:25:19,u053,Privilege Escalation,Low,Our rule father whether model.,True
A0134,2025-03-27 08:14:57,u085,Brute Force,Critical,Ball box mother section that.,False
A0135,2025-03-29 12:03:03,u096,Unusual Access Time,Low,Bit data guy think condition source discuss.,True
A0136,2025-03-24 01:44:14,u062,Data Exfiltration,Medium,Service area her eye especially phone a.,True
A0137,2025-04-12 02:06:14,u005,Data Exfiltration,Medium,Direction night much camera.,False
A0138,2025-03-28 15:26:07,u090,Unusual Access Time,Medium,Civil main also prevent.,False
A0139,2025-04-12 13:49:47,u095,Brute Force,High,Technology there question visit race.,False
A0140,2025-03-20 11:19:09,u011,Data Exfiltration,Medium,Strong child evidence local land.,False
A0141,2025-03-24 00:11:03,u064,Phishing,Low,Deal left skill clear development involve.,True
A0142,2025-03-28 02:36:37,u010,Privilege Escalation,High,Give film question record heavy.,False
A0143,2025-04-03 12:08:51,u033,Brute Force,Low,Throw anything notice season probably.,True
A0144,2025-04-11 15:30:19,u084,Data Exfiltration,Medium,Include our company.,False
A0145,2025-03-15 09:31:50,u012,Phishing,Medium,Edge compare stand evening whom remain suggest bill.,False
A0146,2025-04-03 09:46:47,u085,Brute Force,Critical,Seem really successful eat than kitchen.,False
A0147,2025-04-02 07:59:25,u030,Brute Force,High,Station movement say spend best sing.,True
A0148,2025-04-05 15:04:13,u038,Brute Force,Low,Such carry field movement president game quickly use.,False
A0149,2025-03-30 22:28:22,u041,Brute Force,Critical,Then manage born carry.,True
A0150,2025-03-27 01:57:42,u060,Data Exfiltration,Medium,Think sort dream glass raise.,False
A0151,2025-03-25 10:02:37,u037,Data Exfiltration,Medium,Operation without method crime major.,True
A0152,2025-04-01 18:12:29,u055,Brute Force,High,House many start national.,True
A0153,2025-03-29 07:39:33,u049,Phishing,Low,Building road social perform run.,False
A0154,2025-03-29 23:58:55,u018,Privilege Escalation,Low,Best character strong manager.,True
A0155,2025-03-23 09:18:36,u077,Phishing,Critical,Least money lose ago.,True
A0156,2025-03-23 17:19:25,u073,Phishing,Low,Outside future simply finally small.,True
A0157,2025-04-11 01:56:17,u067,Data Exfiltration,Medium,Follow few if available sister truth.,True
A0158,2025-03-30 02:25:02,u002,Brute Force,Low,Go issue yet build administration mouth happen thousand.,False
A0159,2025-03-15 20:12:41,u071,Privilege Escalation,Medium,Nice probably international fact.,False
A0160,2025-03-30 06:51:20,u083,Data Exfiltration,Medium,Arrive year event yet form small force.,True
A0161,2025-03-18 15:33:01,u086,Brute Force,Medium,Worker finish now care.,False
A0162,2025-03-17 04:49:54,u037,Data Exfiltration,Medium,Option enough specific support road.,True
A0163,2025-03-25 11:31:40,u075,Brute Force,Critical,Son time Democrat deal pattern thing stage.,False
A0164,2025-03-22 04:44:45,u065,Data Exfiltration,High,Enough very right right.,False
A0165,2025-03-30 13:48:19,u083,Data Exfiltration,Medium,Fall third former watch positive crime.,False
A0166,2025-03-15 12:00:03,u095,Data Exfiltration,Low,Certain available car more low one.,True
A0167,2025-04-05 06:26:36,u060,Privilege Escalation,Low,Much practice talk beat support down.,False
A0168,2025-04-05 20:36:59,u012,Phishing,Critical,Natural force different stay again partner.,True
A0169,2025-03-21 16:03:59,u066,Phishing,High,Yet politics toward people tell.,False
A0170,2025-04-08 01:44:56,u016,Data Exfiltration,Low,Well project science understand.,True
A0171,2025-03-19 09:11:20,u020,Unusual Access Time,Medium,About once whether power court child from month.,True
A0172,2025-04-03 11:28:30,u059,Privilege Escalation,Low,Hard because popular hold.,True
A0173,2025-04-08 10:55:22,u080,Unusual Access Time,Low,Appear yet family represent soon college.,True
A0174,2025-04-01 18:41:09,u075,Unusual Access Time,Medium,Expect law international couple word during.,False
A0175,2025-03-20 14:38:39,u091,Data Exfiltration,Low,City operation might there reason training.,True
A0176,2025-03-14 15:45:12,u055,Data Exfiltration,Low,Admit child thing number.,True
A0177,2025-03-18 19:30:21,u084,Data Exfiltration,Low,Mission sound employee international scene hotel above.,False
A0178,2025-03-28 11:35:16,u061,Brute Force,Medium,Until federal part manager film approach admit.,True
A0179,2025-03-20 20:32:11,u052,Unusual Access Time,Low,Produce decision dinner physical.,True
A0180,2025-03-25 11:45:28,u099,Phishing,Low,Mean item sound left result.,False
A0181,2025-04-11 10:37:46,u029,Phishing,Critical,Degree question above democratic scientist film.,False
A0182,2025-03-25 04:57:57,u074,Unusual Access Time,Low,Newspaper thought must.,True
A0183,2025-03-25 00:01:51,u030,Privilege Escalation,Low,Fall can former anyone.,False
A0184,2025-03-17 21:29:45,u083,Unusual Access Time,Low,Body rich budget help way pass air.,True
A0185,2025-03-19 15:04:15,u068,Brute Force,Medium,Parent participant none southern close.,False
A0186,2025-04-11 10:57:02,u054,Brute Force,Low,Enough fact other stuff Congress suffer.,False
A0187,2025-04-12 17:03:17,u065,Privilege Escalation,Critical,Total black budget certain choose own.,True
A0188,2025-03-29 01:45:01,u014,Brute Force,High,Budget election magazine south development.,False
A0189,2025-04-13 00:33:44,u093,Privilege Escalation,High,Job lay whose despite myself black hot.,False
A0190,2025-03-20 13:56:43,u084,Phishing,Low,Sport prepare none they team after.,True
A0191,2025-03-17 23:23:54,u039,Privilege Escalation,Medium,Response ground responsibility.,False
A0192,2025-03-30 15:32:34,u001,Phishing,Low,Board term too item fill hope.,False
A0193,2025-04-13 04:24:16,u085,Phishing,Low,Him child by attention among.,False
A0194,2025-04-13 03:44:26,u086,Unusual Access Time,Medium,Morning structure with dark art shoulder.,False
A0195,2025-04-08 02:18:27,u023,Data Exfiltration,Low,Woman price yet outside now store.,True
A0196,2025-04-12 20:22:43,u042,Brute Force,Medium,Book community commercial price set section identify cause.,True
A0197,2025-04-11 13:49:11,u092,Phishing,Critical,Three itself seek pay.,False
A0198,2025-04-07 19:40:24,u046,Unusual Access Time,High,Model exist data send push.,False
A0199,2025-03-29 13:59:15,u089,Privilege Escalation,High,Image seem rule until.,True
A0200,2025-04-13 04:27:34,u023,Brute Force,Low,Successful fine today around performance red.,False
A0201,2025-04-03 21:49:07,u072,Brute Force,High,Increase physical future why.,True
A0202,2025-03-31 12:58:36,u040,Phishing,Medium,Chair fund effort your thousand safe.,False
A0203,2025-03-27 23:12:18,u053,Unusual Access Time,Low,Think include how participant discover.,True
A0204,2025-03-27 17:14:56,u027,Phishing,Low,Personal can expect catch everybody act gun.,True
A0205,2025-03-20 07:40:35,u049,Privilege Escalation,Medium,Pm event wait describe four blood make.,True
A0206,2025-03-29 11:12:18,u085,Unusual Access Time,Medium,Some guy often control simple call.,True
A0207,2025-03-27 20:48:28,u091,Unusual Access Time,Medium,Suddenly option teach tax.,True
A0208,2025-03-22 17:40:52,u004,Phishing,Medium,Increase they hear truth thing store forget.,True
A0209,2025-03-27 05:48:17,u096,Phishing,Low,Better single hundred let believe.,False
A0210,2025-03-18 00:29:42,u078,Data Exfiltration,Low,During leader old series along smile receive.,False
A0211,2025-04-01 12:25:18,u099,Unusual Access Time,Critical,Experience sense find physical state condition.,False
A0212,2025-03-15 09:01:51,u077,Unusual Access Time,Critical,Father ago kitchen tax throw provide suffer list.,True
A0213,2025-03-18 15:36:47,u053,Privilege Escalation,Medium,Let responsibility different.,True
A0214,2025-03-20 20:44:06,u024,Privilege Escalation,Low,World land possible yeah recently increase music many.,True
A0215,2025-04-05 13:17:08,u089,Brute Force,Medium,Nothing finally boy while tough reach.,False
A0216,2025-04-05 01:47:57,u054,Privilege Escalation,High,Three let poor understand.,True
A0217,2025-03-23 07:25:10,u088,Unusual Access Time,Low,She value in night.,False
A0218,2025-03-30 17:19:33,u083,Brute Force,Low,Use friend during hot.,True
A0219,2025-03-19 08:32:39,u017,Unusual Access Time,High,City best represent forward also real.,True
A0220,2025-03-29 04:02:49,u020,Brute Force,High,Specific truth one usually type.,False
A0221,2025-04-02 17:18:37,u012,Data Exfiltration,High,Require after plan why now father music.,True
A0222,2025-04-02 04:42:41,u036,Data Exfiltration,High,Far large different listen draw.,False
A0223,2025-03-15 12:44:37,u051,Data Exfiltration,Low,Against interest fear always.,True
A0224,2025-03-19 10:01:01,u085,Unusual Access Time,High,Light film cell effort gun.,False
A0225,2025-04-03 23:32:17,u042,Brute Force,High,Official might officer lot draw pick.,False
A0226,2025-04-05 17:27:24,u054,Brute Force,Low,Care nor can wall two.,False
A0227,2025-03-28 02:27:21,u046,Phishing,Low,First above yet officer.,False
A0228,2025-03-30 02:11:04,u072,Privilege Escalation,Low,You entire prepare into build either relate.,False
A0229,2025-03-25 21:41:37,u011,Unusual Access Time,Low,Finish conference also appear crime behind reach this.,True
A0230,2025-04-07 16:37:33,u040,Phishing,Low,Fill mean respond place.,False
A0231,2025-03-22 09:57:11,u020,Privilege Escalation,Medium,Together maybe reason ok coach.,True
A0232,2025-04-02 07:53:09,u023,Privilege Escalation,Critical,Who approach share peace notice.,False
A0233,2025-04-07 13:54:17,u009,Phishing,High,Imagine story middle weight.,True
A0234,2025-03-18 09:17:44,u012,Data Exfiltration,Medium,Off store firm perform.,False
A0235,2025-04-13 09:19:05,u062,Privilege Escalation,Critical,Time star political institution individual deal.,False
A0236,2025-04-03 10:20:55,u011,Privilege Escalation,Medium,Indicate region different leave act range live along.,False
A0237,2025-03-31 00:06:41,u052,Unusual Access Time,High,Work plant off to several test.,True
A0238,2025-04-09 09:24:31,u083,Data Exfiltration,Medium,Article attack fast continue.,False
A0239,2025-03-27 22:00:31,u033,Privilege Escalation,Medium,Program behind number alone join.,False
A0240,2025-03-18 18:07:28,u020,Phishing,High,Part allow say project base capital significant.,True
A0241,2025-04-13 04:58:31,u048,Privilege Escalation,Low,Baby skin director sister view the.,False
A0242,2025-04-09 00:42:43,u044,Data Exfiltration,Low,Teach meet themselves leader hear.,True
A0243,2025-03-21 09:57:31,u061,Unusual Access Time,High,Figure though program arrive.,False
A0244,2025-04-03 05:05:40,u049,Unusual Access Time,High,It tree onto situation star.,False
A0245,2025-03-16 13:15:23,u034,Brute Force,High,Skill me movement hand since become black.,True
A0246,2025-03-22 15:30:09,u085,Data Exfiltration,Medium,He author vote Republican century discussion.,False
A0247,2025-04-13 11:00:58,u019,Phishing,Medium,Federal church strong every red however.,True
A0248,2025-03-26 05:40:27,u071,Data Exfiltration,Medium,Reflect including phone carry window.,False
A0249,2025-03-24 15:59:51,u085,Data Exfiltration,Low,Style fish future property.,True
A0250,2025-03-16 08:12:57,u048,Privilege Escalation,High,Could maintain position animal close.,True
A0251,2025-03-24 19:14:55,u051,Privilege Escalation,Medium,Leave interest more she statement lot.,True
A0252,2025-04-13 12:51:35,u061,Brute Force,Medium,Research out I artist.,True
A0253,2025-03-24 11:36:25,u019,Privilege Escalation,Low,Him local sing money buy leg still.,True
A0254,2025-03-29 22:29:06,u038,Privilege Escalation,High,Take machine them career realize past good.,False
A0255,2025-03-30 12:54:39,u090,Unusual Access Time,Low,Base open scene today.,True
A0256,2025-03-18 15:59:36,u099,Brute Force,Low,Significant debate front free long hot.,False
A0257,2025-03-23 23:44:11,u016,Privilege Escalation,Medium,Hot audience machine admit culture.,True
A0258,2025-03-24 05:18:22,u038,Data Exfiltration,High,Final might before series hotel.,False
A0259,2025-03-23 02:01:40,u063,Privilege Escalation,Medium,Two back better.,True
A0260,2025-04-12 15:42:39,u044,Privilege Escalation,Low,Authority hotel ever seek.,True
A0261,2025-04-07 23:10:07,u022,Data Exfiltration,Low,Sing live name sound still for best today.,False
A0262,2025-03-27 05:57:51,u046,Data Exfiltration,Low,Establish process almost.,False
A0263,2025-03-31 13:55:06,u043,Phishing,Critical,Line go trade.,False
A0264,2025-03-23 16:13:57,u013,Privilege Escalation,Medium,Should two meet other close.,True
A0265,2025-03-28 00:21:20,u088,Unusual Access Time,Medium,Story case establish cost buy develop.,True
A0266,2025-03-18 16:52:53,u038,Unusual Access Time,Medium,Last generation across crime reduce.,True
A0267,2025-03-16 18:18:51,u057,Brute Force,High,Election could off.,False
A0268,2025-04-04 22:35:12,u090,Privilege Escalation,Low,Within threat black president heart.,False
A0269,2025-03-30 08:04:21,u024,Brute Force,Medium,Game good fish money fight region.,False
A0270,2025-03-24 04:55:09,u020,Data Exfiltration,Critical,Analysis tend ground.,False
A0271,2025-03-22 05:55:56,u057,Phishing,High,Second listen western treatment early wait agency change.,False
A0272,2025-04-10 09:02:54,u054,Data Exfiltration,Low,Community summer third fight project.,False
A0273,2025-03-15 13:38:11,u052,Phishing,Low,Board happen gas million such region.,False
A0274,2025-04-12 19:54:16,u088,Phishing,Low,Return their down adult coach.,False
A0275,2025-04-08 22:34:27,u089,Phishing,High,Performance gas wind specific general.,True
A0276,2025-04-09 22:19:37,u024,Data Exfiltration,Medium,Their form job fall do movie.,False
A0277,2025-03-19 18:58:57,u038,Phishing,Low,Suddenly game least tend throughout.,False
A0278,2025-04-09 19:34:24,u036,Privilege Escalation,Medium,Nation bar defense brother foot administration meet.,True
A0279,2025-03-14 16:25:15,u088,Privilege Escalation,High,Growth bill during professional.,True
A0280,2025-03-27 11:52:24,u040,Phishing,High,Accept stay much.,True
A0281,2025-03-27 16:36:54,u024,Phishing,Medium,Try wait side part west hold.,False
A0282,2025-04-06 00:24:11,u090,Brute Force,Low,Factor camera agree direction service ask behavior.,True
A0283,2025-03-29 17:51:59,u097,Brute Force,Low,Front relate investment both.,False
A0284,2025-03-19 15:06:13,u018,Phishing,Medium,Situation war way happy.,False
A0285,2025-03-18 10:56:54,u041,Brute Force,Low,Economic voice trial push simply research matter.,True
A0286,2025-03-27 23:47:50,u085,Privilege Escalation,High,Decision sport pay somebody.,True
A0287,2025-04-06 22:26:59,u005,Data Exfiltration,Medium,Audience generation set onto figure.,True
A0288,2025-03-23 00:21:07,u066,Privilege Escalation,High,Adult possible six life see.,True
A0289,2025-04-13 12:47:03,u077,Phishing,Low,Your participant sit I cause happen society.,False
A0290,2025-04-08 07:42:41,u040,Unusual Access Time,High,Many decade gun see.,False
A0291,2025-04-03 21:46:37,u043,Phishing,Low,Compare where value team majority.,True
A0292,2025-03-16 14:55:28,u058,Phishing,Low,Over road some stay.,True
A0293,2025-04-07 02:25:46,u004,Data Exfiltration,Low,Statement number PM main but tend.,True
A0294,2025-03-17 01:12:35,u100,Data Exfiltration,High,Home employee month fund cell change.,False
A0295,2025-03-31 23:29:48,u042,Unusual Access Time,Critical,Establish go with teacher.,True
A0296,2025-04-12 00:47:06,u017,Brute Force,Medium,Style measure use education.,True
A0297,2025-03-22 12:48:21,u087,Brute Force,Medium,Argue create behavior ten effort kitchen into.,False
A0298,2025-03-24 12:52:17,u040,Phishing,Low,Miss lawyer machine candidate loss safe growth.,True
A0299,2025-04-13 06:06:04,u100,Privilege Escalation,High,Several red decision assume successful her however.,True
A0300,2025-04-09 02:51:21,u050,Brute Force,High,Along various century energy reduce old.,True
A0301,2025-04-06 01:30:20,u046,Unusual Access Time,Medium,Order goal party threat.,False
A0302,2025-03-25 12:47:54,u001,Brute Force,Critical,Police identify carry minute parent money huge.,True
A0303,2025-04-01 20:49:36,u099,Brute Force,Low,Forward none sure will five.,True
A0304,2025-04-05 18:54:26,u034,Data Exfiltration,Critical,Take call machine computer.,True
A0305,2025-03-25 01:22:02,u067,Brute Force,High,Relate woman strategy physical.,True
A0306,2025-03-20 21:04:08,u018,Brute Force,Medium,Middle once news develop news like today.,True
A0307,2025-03-16 19:50:32,u099,Unusual Access Time,High,More fact behind again everybody always response long.,True
A0308,2025-04-10 04:18:52,u020,Data Exfiltration,Medium,Sense often from reach institution name perform.,False
A0309,2025-03-18 03:33:42,u098,Data Exfiltration,Low,Direction democratic political population.,False
A0310,2025-04-09 17:42:27,u093,Brute Force,High,Myself direction message age.,True
A0311,2025-04-01 10:19:05,u064,Brute Force,Medium,Conference I art.,False
A0312,2025-04-01 08:13:40,u100,Phishing,Medium,Work fill him protect information task light result.,False
A0313,2025-04-11 05:14:10,u033,Data Exfiltration,High,Economic gas five world.,False
A0314,2025-04-11 14:44:51,u069,Privilege Escalation,Low,Score four force seat spring central.,True
A0315,2025-03-18 12:27:45,u013,Phishing,High,Himself agent reason she determine.,False
A0316,2025-03-15 04:10:00,u011,Phishing,Low,Special factor spend.,False
A0317,2025-03-17 15:34:33,u069,Data Exfiltration,High,Wind method gun go base sign this strong.,True
A0318,2025-03-15 16:58:34,u008,Brute Force,Medium,Arrive attention to nearly.,False
A0319,2025-03-18 08:38:26,u064,Unusual Access Time,Low,Run what general personal town early accept nation.,True
A0320,2025-04-04 10:08:25,u032,Brute Force,High,Reach leg bring accept employee box.,False
A0321,2025-03-18 06:04:38,u095,Phishing,Critical,Voice threat house her move a in.,False
A0322,2025-04-03 07:40:39,u025,Privilege Escalation,Low,Well arm participant government so yet.,True
A0323,2025-03-28 18:28:30,u007,Data Exfiltration,Low,Low Republican since present guy community already leader.,True
A0324,2025-04-04 14:39:03,u071,Brute Force,Low,Hard according east threat year.,False
A0325,2025-03-24 15:34:27,u088,Brute Force,Low,Summer color information south write pattern.,False
A0326,2025-03-23 07:07:39,u003,Unusual Access Time,Medium,Toward fast spring produce general parent heart over.,True
A0327,2025-04-11 21:38:32,u033,Phishing,Medium,Rest sound help day reality decade.,True
A0328,2025-03-31 00:41:57,u036,Brute Force,Critical,Direction security window send the live economic.,True
A0329,2025-03-19 23:24:44,u044,Brute Force,Low,Change even site campaign.,True
A0330,2025-03-16 16:33:19,u096,Unusual Access Time,Medium,Raise report heart heart that American life.,False
A0331,2025-03-29 11:55:49,u008,Phishing,High,Tv it ask information season eat.,True
A0332,2025-04-03 20:31:20,u029,Unusual Access Time,Low,Part language travel option writer.,False
A0333,2025-03-30 18:14:02,u045,Brute Force,Critical,Painting camera film leave military daughter.,True
A0334,2025-03-18 18:54:41,u005,Brute Force,Medium,Cause bring growth mention local official worry.,False
A0335,2025-04-12 18:21:26,u023,Privilege Escalation,Low,Who respond plant environmental.,True
A0336,2025-04-12 08:38:49,u012,Brute Force,Medium,A police team better court name.,True
A0337,2025-03-16 16:29:52,u025,Data Exfiltration,Low,Require explain call newspaper get newspaper.,True
A0338,2025-03-23 20:18:55,u098,Phishing,Low,Include positive join plant ever such able.,True
A0339,2025-03-28 23:23:34,u045,Brute Force,Medium,Sing hand industry watch allow.,False
A0340,2025-03-16 17:03:55,u069,Data Exfiltration,High,Parent certain cut memory house.,False
A0341,2025-04-03 10:09:31,u031,Phishing,Critical,Blue politics firm phone conference someone.,False
A0342,2025-04-07 05:46:15,u015,Unusual Access Time,High,Particularly behavior north discuss respond today method.,False
A0343,2025-04-05 04:55:37,u023,Unusual Access Time,Medium,Not prepare important ball.,False
A0344,2025-03-28 22:45:12,u059,Phishing,Critical,Science though another consumer better grow story.,True
A0345,2025-03-16 08:13:06,u065,Data Exfiltration,Medium,Nature door difference become push ball.,False
A0346,2025-03-19 10:53:40,u005,Unusual Access Time,Critical,Matter physical identify garden piece sign.,True
A0347,2025-04-05 10:06:01,u054,Data Exfiltration,Low,Myself carry garden know.,False
A0348,2025-04-03 10:07:28,u057,Data Exfiltration,High,Common level let great performance simply put detail.,True
A0349,2025-04-10 01:18:23,u023,Privilege Escalation,Low,East than parent indicate.,True
A0350,2025-04-05 01:34:58,u004,Phishing,High,This purpose wrong provide blue.,False
A0351,2025-04-07 14:20:16,u074,Brute Force,Low,Administration choose population appear.,False
A0352,2025-04-06 21:29:38,u014,Data Exfiltration,Low,Create chair they always.,False
A0353,2025-03-22 15:38:49,u014,Phishing,Critical,Young against wish where Mrs above husband.,True
A0354,2025-04-10 11:24:21,u012,Brute Force,High,Reason act left hundred site should keep.,False
A0355,2025-03-23 03:14:14,u035,Brute Force,Low,Technology avoid less food study hit brother.,True
A0356,2025-04-02 23:31:30,u015,Unusual Access Time,Critical,His participant nation institution.,True
A0357,2025-03-23 05:43:46,u074,Brute Force,High,Necessary treat model build skin stuff.,False
A0358,2025-03-18 22:07:31,u017,Unusual Access Time,Low,Until across must father hope kid.,False
A0359,2025-04-07 17:39:09,u045,Brute Force,Low,Space live measure agree guy star.,True
A0360,2025-03-29 14:23:56,u080,Unusual Access Time,Low,Issue everyone camera drug partner.,False
A0361,2025-03-24 13:57:22,u036,Brute Force,Critical,Wind term manager well area probably line.,False
A0362,2025-03-16 19:25:19,u051,Data Exfiltration,Low,Recently pay reach.,False
A0363,2025-03-25 17:33:52,u094,Brute Force,Low,Baby drop interest process right fight stay.,False
A0364,2025-03-25 01:04:06,u016,Unusual Access Time,Low,Window training someone number family.,True
A0365,2025-03-21 19:22:04,u008,Unusual Access Time,High,Difficult represent deal strong always.,False
A0366,2025-03-21 06:04:45,u068,Privilege Escalation,Low,Operation development trip song sure.,True
A0367,2025-03-15 12:57:46,u080,Phishing,Low,Owner avoid especially writer air her key.,True
A0368,2025-04-01 20:15:32,u012,Phishing,High,Remember similar rise employee music suggest.,False
A0369,2025-03-31 02:54:35,u006,Data Exfiltration,Medium,Fact safe about response heart spring those.,True
A0370,2025-04-07 20:27:43,u021,Phishing,Medium,Reflect new choose adult opportunity style yes.,False
A0371,2025-03-21 10:53:54,u026,Data Exfiltration,Low,Few let reveal difficult article.,True
A0372,2025-03-21 16:06:24,u002,Data Exfiltration,Medium,Out whom free smile notice.,True
A0373,2025-03-24 09:22:04,u029,Phishing,Low,Bring marriage dark hour amount its herself.,True
A0374,2025-04-06 03:58:26,u073,Phishing,Low,Poor force again central mean.,False
A0375,2025-04-05 22:54:13,u012,Privilege Escalation,High,Week along change determine send task.,True
A0376,2025-03-16 21:00:00,u095,Data Exfiltration,Low,Mrs usually throughout would.,True
A0377,2025-03-17 20:00:27,u067,Phishing,Low,And like audience customer score finally.,True
A0378,2025-03-16 01:57:21,u097,Brute Force,High,When value point set unit.,False
A0379,2025-03-31 08:15:31,u060,Phishing,Low,Your approach subject possible first Mr another travel.,True
A0380,2025-03-15 10:06:09,u075,Privilege Escalation,Medium,Nearly drop quickly network.,True
A0381,2025-04-10 12:26:09,u087,Privilege Escalation,Low,Dream determine action why seem too laugh.,True
A0382,2025-03-26 03:18:10,u086,Privilege Escalation,Low,Believe project resource floor mouth possible kitchen.,False
A0383,2025-04-11 07:45:01,u028,Brute Force,Medium,Easy environment heart hot Congress.,False
A0384,2025-03-28 20:45:50,u090,Phishing,Medium,Energy defense tax discuss according structure follow attention.,False
A0385,2025-03-15 03:20:53,u033,Privilege Escalation,Low,Late manager ever quality dark tough.,False
A0386,2025-04-10 18:46:12,u034,Unusual Access Time,Medium,Education because some son yeah.,False
A0387,2025-04-01 23:05:43,u096,Unusual Access Time,Low,These which sign politics enter enough knowledge.,True
A0388,2025-04-03 11:53:47,u088,Unusual Access Time,High,Relationship individual though bill chance shake.,False
A0389,2025-04-09 20:29:29,u062,Phishing,High,Threat party industry relate affect contain tell.,False
A0390,2025-04-09 04:27:52,u055,Brute Force,High,Along speech food seat actually.,False
A0391,2025-03-15 06:52:00,u052,Privilege Escalation,Low,Hand avoid suffer democratic organization.,False
A0392,2025-03-23 16:07:06,u048,Data Exfiltration,Low,Nearly evidence something really manage read.,False
A0393,2025-04-04 07:39:40,u080,Phishing,Medium,Account western only four a decision off sell.,False
A0394,2025-04-02 17:13:05,u066,Brute Force,Low,Listen support data happen try gun national minute.,True
A0395,2025-04-04 19:40:34,u015,Unusual Access Time,Critical,Exist page school another sell.,True
A0396,2025-04-02 13:36:12,u070,Brute Force,Medium,Power hour court pretty arm number moment.,True
A0397,2025-03-15 16:56:49,u075,Phishing,Low,Market east movie present people remember.,True
A0398,2025-03-25 10:55:35,u076,Brute Force,Critical,True market everybody others beautiful adult.,False
A0399,2025-03-27 01:02:45,u017,Unusual Access Time,Medium,Support black mother section.,True
A0400,2025-04-11 15:46:16,u019,Brute Force,Medium,Discover make include brother government wrong.,False
A0401,2025-03-16 22:30:52,u008,Unusual Access Time,Medium,Child surface take body.,True
A0402,2025-04-02 06:36:59,u017,Phishing,Low,History floor very mother report finally raise.,False
A0403,2025-03-26 06:21:13,u057,Phishing,Low,His operation environmental teacher.,False
A0404,2025-04-09 00:07:34,u092,Privilege Escalation,Medium,Ball stop enough decade raise issue.,False
A0405,2025-03-31 11:25:10,u028,Brute Force,Critical,Able where really successful.,True
A0406,2025-03-26 11:49:29,u014,Unusual Access Time,Medium,Subject fall purpose not.,False
A0407,2025-04-04 16:26:24,u056,Unusual Access Time,High,Education shake reduce.,False
A0408,2025-04-11 15:09:23,u001,Privilege Escalation,Low,Decide which unit charge lead music.,True
A0409,2025-03-20 13:34:23,u060,Phishing,Low,Consider such language company sea television church.,False
A0410,2025-03-14 20:35:30,u081,Phishing,Low,Job successful animal no take.,True
A0411,2025-04-07 17:30:47,u016,Phishing,Medium,Until say least sort.,True
A0412,2025-04-06 01:48:33,u034,Privilege Escalation,High,Hotel thank Democrat.,True
A0413,2025-04-12 02:11:09,u079,Phishing,High,Could usually beyond view to whose.,False
A0414,2025-03-24 17:43:36,u002,Privilege Escalation,Medium,Address guy month not ahead.,True
A0415,2025-03-16 11:53:08,u087,Unusual Access Time,High,Billion reality land happen.,True
A0416,2025-03-22 15:50:53,u097,Privilege Escalation,Medium,Staff ball pressure indicate response.,True
A0417,2025-03-29 21:33:03,u048,Phishing,Medium,Nature boy reach dream truth important center.,False
A0418,2025-03-18 09:27:41,u087,Brute Force,Low,Development view seat eye anyone.,False
A0419,2025-03-17 16:27:57,u063,Privilege Escalation,Low,Hot work southern sometimes bill both.,True
A0420,2025-03-15 15:20:50,u092,Unusual Access Time,Low,Analysis while want whatever no.,False
A0421,2025-03-21 14:31:21,u054,Unusual Access Time,Low,Behind successful of why day door sit.,True
A0422,2025-03-18 04:04:02,u013,Privilege Escalation,Low,Probably design pressure so.,True
A0423,2025-04-05 00:04:24,u033,Phishing,Low,Much region give project particular itself.,True
A0424,2025-04-02 01:21:30,u086,Brute Force,Medium,Low view statement account soon I within candidate.,False
A0425,2025-04-07 10:46:41,u004,Privilege Escalation,Medium,Professional positive must and speech.,True
A0426,2025-03-23 19:46:32,u030,Phishing,High,Increase concern pressure.,False
A0427,2025-03-30 01:34:55,u024,Unusual Access Time,Low,Push first crime onto star board.,True
A0428,2025-04-12 08:30:42,u036,Brute Force,Critical,Two others easy send account consumer feeling.,False
A0429,2025-03-30 07:31:08,u073,Phishing,High,From opportunity wife travel well give easy.,True
A0430,2025-04-01 05:22:28,u096,Privilege Escalation,Critical,Some although middle reach plant.,True
A0431,2025-03-19 05:28:47,u078,Unusual Access Time,Medium,Teach note word be water career.,True
A0432,2025-03-28 01:14:35,u045,Privilege Escalation,High,Successful movie organization want build.,False
A0433,2025-03-17 19:59:11,u066,Brute Force,Low,Each argue no from technology away cell.,True
A0434,2025-04-11 15:35:11,u038,Privilege Escalation,Medium,Story glass employee listen.,False
A0435,2025-03-28 03:15:27,u061,Phishing,Low,Record Mrs about degree crime.,False
A0436,2025-04-07 14:33:17,u097,Data Exfiltration,Low,Effort actually skin enter fight worry.,True
A0437,2025-03-21 11:19:57,u025,Phishing,Critical,Foot night tell blue front.,False
A0438,2025-04-13 11:22:10,u037,Privilege Escalation,Medium,Source project family always.,False
A0439,2025-03-15 09:31:51,u082,Privilege Escalation,Critical,Successful film product.,True
A0440,2025-04-04 08:14:53,u022,Brute Force,Low,Career professor ready politics order indeed.,True
A0441,2025-04-01 00:36:29,u038,Phishing,Medium,Now bill know them international.,True
A0442,2025-03-20 02:49:47,u007,Brute Force,Medium,Bit knowledge coach owner nothing course.,True
A0443,2025-03-22 11:51:12,u089,Brute Force,Low,Up behavior threat hand social some man.,True
A0444,2025-04-08 00:39:42,u025,Data Exfiltration,High,Among everyone involve never only example international cover.,True
A0445,2025-03-18 11:26:00,u061,Brute Force,Critical,Experience medical present town wonder.,True
A0446,2025-03-18 17:39:29,u044,Phishing,Medium,Most week enjoy best high represent they language.,True
A0447,2025-03-15 08:33:04,u071,Phishing,Medium,Social clear market deep goal.,False
A0448,2025-03-21 23:28:23,u100,Phishing,Low,President defense too check.,True
A0449,2025-03-27 22:37:32,u059,Brute Force,Medium,Choice stand baby.,True
A0450,2025-04-04 21:51:05,u058,Data Exfiltration,Medium,Movement interesting seat language Mrs raise black.,True
A0451,2025-03-28 02:51:59,u009,Data Exfiltration,Low,Official up material country continue all buy.,False
A0452,2025-04-12 10:20:56,u069,Phishing,Low,Box citizen former feel throughout both.,True
A0453,2025-04-10 02:02:09,u060,Unusual Access Time,Medium,Gas personal this certainly.,True
A0454,2025-03-31 01:46:58,u073,Privilege Escalation,Low,Sign economic experience above education.,False
A0455,2025-03-20 13:10:27,u085,Unusual Access Time,Critical,Walk actually continue number imagine candidate seem kind.,False
A0456,2025-04-06 00:05:10,u065,Privilege Escalation,Medium,Road wind provide quickly low even.,True
A0457,2025-04-04 11:03:56,u066,Brute Force,High,Sister positive base that his.,True
A0458,2025-04-02 17:29:30,u094,Unusual Access Time,Low,Country wish want amount maybe figure.,False
A0459,2025-04-11 12:22:16,u058,Unusual Access Time,Medium,Watch argue cold.,False
A0460,2025-03-27 23:43:39,u084,Unusual Access Time,Low,Idea edge response cultural lot player.,True
A0461,2025-03-30 08:22:33,u017,Brute Force,Medium,Air senior challenge event.,False
A0462,2025-04-08 13:40:38,u001,Data Exfiltration,Medium,Produce if prove but strong key program because.,False
A0463,2025-03-15 01:03:33,u059,Unusual Access Time,Medium,Final discover success reach radio.,True
A0464,2025-03-21 01:35:47,u036,Data Exfiltration,Low,Throughout commercial interest your.,False
A0465,2025-04-09 08:34:57,u001,Unusual Access Time,Medium,Travel admit allow.,True
A0466,2025-03-21 02:52:16,u066,Brute Force,High,Evidence shoulder will cup base.,False
A0467,2025-03-29 05:44:28,u061,Privilege Escalation,Medium,Mrs protect property red month.,False
A0468,2025-04-09 11:39:15,u015,Unusual Access Time,Medium,Director much land look think off.,False
A0469,2025-04-11 03:36:51,u059,Privilege Escalation,Medium,Nor leg sister oil blue whatever.,True
A0470,2025-03-16 23:31:35,u047,Phishing,Low,Positive although international trouble us lose agency above.,False
A0471,2025-04-12 07:15:55,u006,Unusual Access Time,Medium,Writer manager statement number everyone.,False
A0472,2025-04-03 10:35:40,u091,Brute Force,Medium,Religious course would seek.,True
A0473,2025-03-23 11:01:39,u051,Brute Force,Low,Near receive hear argue century value.,False
A0474,2025-04-05 19:15:36,u046,Data Exfiltration,Low,Big sometimes art director herself true.,False
A0475,2025-03-23 00:53:26,u056,Phishing,Medium,Share meeting half wait agreement available.,False
A0476,2025-03-22 12:42:01,u007,Privilege Escalation,Medium,Strong must Republican simply to miss light.,False
A0477,2025-03-15 15:25:03,u079,Privilege Escalation,Medium,Table condition join record.,True
A0478,2025-03-21 02:17:25,u010,Privilege Escalation,Medium,Fear measure south clearly country support.,True
A0479,2025-03-18 03:20:08,u061,Unusual Access Time,Low,History toward board the.,True
A0480,2025-04-07 14:28:49,u039,Data Exfiltration,Low,Practice month audience just really.,True
A0481,2025-04-02 02:11:38,u052,Data Exfiltration,Medium,Cell writer avoid affect read.,False
A0482,2025-03-25 16:19:43,u077,Data Exfiltration,Medium,Be certainly property mean approach example.,True
A0483,2025-03-18 05:21:06,u050,Unusual Access Time,Medium,International order herself new and rich attack serve.,False
A0484,2025-03-23 23:16:07,u060,Unusual Access Time,Medium,Realize rest oil official.,False
A0485,2025-03-16 12:51:11,u069,Phishing,Medium,Fish reflect price make few likely.,False
A0486,2025-03-17 08:23:11,u037,Unusual Access Time,Low,That about executive computer fear.,False
A0487,2025-03-25 06:38:39,u058,Brute Force,Low,Work year third policy doctor the station.,False
A0488,2025-03-15 00:36:06,u085,Data Exfiltration,Medium,Candidate best small hold still professional key.,False
A0489,2025-04-06 20:15:03,u020,Data Exfiltration,High,Do field shoulder past argue.,True
A0490,2025-03-28 00:26:17,u079,Data Exfiltration,High,Money student near then understand.,False
A0491,2025-04-02 21:45:50,u040,Unusual Access Time,Low,Nearly help them response seat.,False
A0492,2025-03-19 08:31:12,u024,Data Exfiltration,Low,Attack from attention including everybody human final.,True
A0493,2025-04-08 12:16:34,u097,Privilege Escalation,Low,One arm fill character court.,True
A0494,2025-04-04 17:49:48,u075,Privilege Escalation,Low,Trade ready face.,True
A0495,2025-03-28 01:29:25,u099,Unusual Access Time,High,Tv police officer security.,True
A0496,2025-04-13 01:19:03,u016,Unusual Access Time,Medium,Base arm computer garden free.,True
A0497,2025-03-18 09:51:46,u056,Phishing,Medium,Practice happen walk think.,False
A0498,2025-03-15 21:14:42,u052,Phishing,Low,Record structure one prepare organization certainly.,True
A0499,2025-03-19 21:10:47,u028,Brute Force,Low,Network language suffer land lot final safe pull.,False
A0500,2025-04-07 05:49:56,u093,Data Exfiltration,Critical,Institution agency which impact parent.,True
A0501,2025-03-29 21:46:10,u067,Brute Force,Low,Book camera open always share.,True
A0502,2025-04-07 12:48:11,u009,Phishing,Low,Same former picture western ability woman.,True
A0503,2025-04-01 16:55:12,u066,Data Exfiltration,Low,Inside official hold official attack.,True
A0504,2025-03-19 10:04:01,u070,Privilege Escalation,Medium,Those admit how fall stuff.,True
A0505,2025-04-03 08:19:50,u019,Data Exfiltration,Low,Guess owner on buy.,False
A0506,2025-04-10 20:45:55,u017,Privilege Escalation,Low,Four free behind condition themselves couple.,False
A0507,2025-04-05 09:38:36,u071,Privilege Escalation,Low,About perhaps green score.,False
A0508,2025-03-29 11:18:00,u082,Data Exfiltration,Low,Claim Mr force past occur.,False
A0509,2025-03-30 11:42:26,u057,Privilege Escalation,Medium,Always follow boy.,False
A0510,2025-04-03 19:22:55,u042,Brute Force,Critical,Tree visit here give own note along.,True
A0511,2025-03-27 19:29:27,u020,Brute Force,Medium,Program run ability picture manager.,False
A0512,2025-03-14 21:44:12,u080,Privilege Escalation,Low,Agree about compare guess manager never similar.,False
A0513,2025-04-03 06:19:28,u053,Privilege Escalation,Medium,Usually site while strategy.,True
A0514,2025-04-06 02:25:00,u031,Data Exfiltration,High,Yes hard clear they.,True
A0515,2025-04-06 01:53:04,u083,Unusual Access Time,Medium,Level stuff back.,True
A0516,2025-03-17 03:36:33,u006,Privilege Escalation,Critical,Than on bar occur surface keep role.,True
A0517,2025-03-16 08:01:50,u069,Privilege Escalation,Medium,Analysis health business indeed.,False
A0518,2025-04-13 11:46:19,u018,Data Exfiltration,Low,Art by will leader.,False
A0519,2025-04-07 15:16:21,u026,Brute Force,Medium,Music others administration unit recent rise.,False
A0520,2025-04-03 05:20:02,u001,Unusual Access Time,Low,Buy movement represent others.,False
A0521,2025-03-20 05:35:02,u097,Unusual Access Time,Critical,Traditional show party wall.,True
A0522,2025-04-01 08:49:08,u021,Phishing,Low,Firm fish onto anyone.,True
A0523,2025-04-09 02:46:24,u034,Data Exfiltration,Medium,Majority often usually rate foreign long medical.,True
A0524,2025-04-07 08:04:35,u079,Phishing,High,Career various ready really girl sure.,False
A0525,2025-03-31 03:13:21,u066,Phishing,Medium,Environment including position fish admit.,True
A0526,2025-04-06 18:57:42,u027,Privilege Escalation,Low,Up charge else that suffer.,False
A0527,2025-03-29 14:31:06,u060,Privilege Escalation,Low,Account have south thank possible dream cover.,False
A0528,2025-04-02 08:46:11,u033,Brute Force,Medium,Computer effort between collection.,False
A0529,2025-03-21 04:27:06,u049,Privilege Escalation,Low,Scene lay himself use still successful south.,True
A0530,2025-03-19 04:18:01,u054,Privilege Escalation,Low,Floor try indeed send girl likely.,True
A0531,2025-03-26 17:36:11,u087,Unusual Access Time,High,Bring fly approach.,True
A0532,2025-03-29 19:57:28,u090,Privilege Escalation,High,Force back offer subject particular.,False
A0533,2025-03-19 17:29:51,u081,Unusual Access Time,Low,Economic fast fine rock information as.,True
A0534,2025-03-15 09:17:36,u005,Brute Force,High,Explain never audience research operation.,True
A0535,2025-03-22 02:30:58,u075,Brute Force,Low,Data experience as term develop.,True
A0536,2025-03-17 21:34:27,u001,Brute Force,Low,Man candidate government.,False
A0537,2025-04-04 07:06:10,u009,Privilege Escalation,Medium,Possible theory let pattern part which.,False
A0538,2025-03-24 04:24:52,u060,Unusual Access Time,Low,Design whether available everyone society young.,False
A0539,2025-03-20 06:59:59,u012,Data Exfiltration,Low,Feeling level his create economic specific apply staff.,False
A0540,2025-03-30 23:04:09,u018,Phishing,Medium,Race street perform drop recent.,True
A0541,2025-03-19 01:11:48,u074,Data Exfiltration,Medium,Tv direction job television off.,False
A0542,2025-03-30 19:33:47,u003,Privilege Escalation,Critical,List TV subject product.,False
A0543,2025-04-06 12:36:53,u068,Phishing,Medium,Any turn blue college receive significant energy reduce.,False
A0544,2025-03-29 18:13:17,u067,Unusual Access Time,Low,Beat lay plan face.,True
A0545,2025-03-22 14:45:41,u048,Brute Force,Low,Hit doctor both change.,True
A0546,2025-03-22 14:31:09,u004,Unusual Access Time,Low,Health notice bit set special ago impact.,True
A0547,2025-03-27 16:13:39,u045,Privilege Escalation,Medium,What sign memory name become.,False
A0548,2025-03-31 19:24:01,u086,Unusual Access Time,High,Within allow eat position.,False
A0549,2025-04-03 08:31:36,u069,Privilege Escalation,Critical,Painting at baby figure.,False
A0550,2025-04-02 12:09:30,u038,Unusual Access Time,Critical,Officer son walk.,True
A0551,2025-04-02 19:31:24,u037,Unusual Access Time,Low,Sport get what Democrat support senior.,True
A0552,2025-03-23 02:51:27,u005,Privilege Escalation,High,Attention natural next.,True
A0553,2025-04-11 18:16:06,u084,Unusual Access Time,Low,Discover hour building spend suggest possible.,False
A0554,2025-03-18 01:22:00,u015,Brute Force,Low,President night member herself partner better turn factor.,False
A0555,2025-03-25 08:20:11,u075,Brute Force,Low,Thousand opportunity court material person cultural.,True
A0556,2025-04-04 15:57:16,u059,Unusual Access Time,Low,National seem effort long pattern.,False
A0557,2025-03-21 09:16:59,u048,Privilege Escalation,Critical,Easy popular away war word if light.,False
A0558,2025-03-16 07:31:45,u036,Data Exfiltration,Low,Represent development perhaps successful they set.,True
A0559,2025-04-03 08:23:35,u002,Data Exfiltration,Low,Suddenly drop use.,True
A0560,2025-03-25 03:37:49,u019,Privilege Escalation,Medium,Sing read reduce his science good major.,False
A0561,2025-03-18 15:54:24,u078,Unusual Access Time,Low,Smile they smile.,True
A0562,2025-03-20 09:52:07,u026,Data Exfiltration,High,Middle camera program one region.,True
A0563,2025-04-10 00:39:41,u022,Brute Force,High,Season weight former exactly trial onto attack.,False
A0564,2025-03-29 19:54:28,u042,Unusual Access Time,Low,Model off official authority when group.,False
A0565,2025-03-25 00:19:00,u054,Phishing,Medium,Best mention might.,True
A0566,2025-03-23 21:01:37,u089,Brute Force,Low,Four into lay game huge low rule.,False
A0567,2025-04-04 16:07:21,u046,Brute Force,Low,Road season course campaign power why main.,True
A0568,2025-04-01 01:22:33,u092,Privilege Escalation,Medium,Trade federal answer kitchen goal our grow.,False
A0569,2025-03-21 02:36:09,u018,Brute Force,High,Author interview rule bag offer.,False
A0570,2025-03-27 06:17:25,u078,Data Exfiltration,High,Get sound themselves purpose seat water nothing.,True
A0571,2025-03-21 22:10:08,u040,Brute Force,Low,And again dinner somebody.,False
A0572,2025-04-06 02:05:41,u034,Phishing,High,Truth technology great need generation social.,True
A0573,2025-03-25 19:39:45,u094,Phishing,Medium,Exactly sense threat about.,False
A0574,2025-03-31 03:54:54,u076,Privilege Escalation,Low,Purpose case well though seat.,True
A0575,2025-04-08 08:21:55,u001,Phishing,Low,Wonder senior child image among production old.,False
A0576,2025-04-02 02:43:40,u017,Data Exfiltration,Low,Concern teacher government pattern.,True
A0577,2025-03-20 20:51:39,u057,Brute Force,Medium,Too sell hear party sure model star.,True
A0578,2025-03-27 07:10:40,u057,Brute Force,High,Pretty admit alone option ready trouble.,False
A0579,2025-03-26 01:09:52,u001,Privilege Escalation,Low,Watch see seek huge.,False
A0580,2025-03-27 04:42:46,u038,Privilege Escalation,Medium,Morning reflect school couple finally turn mean.,False
A0581,2025-03-26 01:51:53,u095,Phishing,Medium,Safe feeling out.,True
A0582,2025-04-09 18:21:49,u043,Data Exfiltration,Medium,Nearly way great a campaign.,False
A0583,2025-03-19 05:40:03,u070,Brute Force,Medium,Design rise organization also.,True
A0584,2025-04-03 12:55:47,u091,Data Exfiltration,Critical,Run behavior recently.,True
A0585,2025-03-23 23:29:32,u006,Phishing,Critical,Leg many effort station by long.,False
A0586,2025-04-13 00:58:59,u023,Brute Force,High,Send team number wife as.,False
A0587,2025-03-30 23:36:53,u023,Brute Force,Low,South detail include join mission.,True
A0588,2025-03-21 04:40:54,u057,Privilege Escalation,Critical,Set within PM really effect culture glass.,False
A0589,2025-03-28 09:29:42,u004,Unusual Access Time,Medium,In movement may poor.,True
A0590,2025-03-25 23:23:31,u005,Brute Force,High,Class door believe expect election.,True
A0591,2025-04-10 21:08:18,u049,Phishing,Medium,Skill exist pass foot.,True
A0592,2025-03-19 17:24:27,u036,Brute Force,High,Huge away movement would.,True
A0593,2025-03-15 16:43:12,u008,Data Exfiltration,Low,Past contain investment expert something world main.,True
A0594,2025-03-21 07:20:39,u045,Data Exfiltration,Low,Attack break keep travel least.,False
A0595,2025-04-12 06:58:14,u003,Data Exfiltration,Low,Necessary some color step account join.,False
A0596,2025-03-22 17:53:32,u098,Data Exfiltration,Low,Rather many Mr something have.,False
A0597,2025-04-08 03:23:20,u040,Brute Force,Medium,Once oil least floor everyone science send state.,False
A0598,2025-03-30 17:58:55,u043,Data Exfiltration,Low,Teach class fire perhaps.,False
A0599,2025-04-04 20:39:58,u011,Brute Force,Medium,Result project possible line attention take evidence.,True
A0600,2025-03-17 01:08:56,u060,Phishing,Low,Foreign indeed within example research professional sometimes.,True
A0601,2025-04-11 04:36:26,u090,Data Exfiltration,Low,Nor your education.,False
A0602,2025-03-21 14:49:38,u037,Data Exfiltration,High,Large over federal management car.,False
A0603,2025-03-20 07:13:02,u031,Data Exfiltration,Low,Source improve culture.,False
A0604,2025-03-24 03:51:44,u080,Data Exfiltration,Medium,May explain move parent.,True
A0605,2025-03-24 17:42:43,u071,Unusual Access Time,Medium,Same special cell save bank work turn it.,False
A0606,2025-03-26 05:19:48,u091,Phishing,Medium,Not better speech least official.,False
A0607,2025-03-31 17:52:01,u078,Phishing,Low,Improve analysis medical mouth station growth create with.,True
A0608,2025-03-24 21:06:17,u097,Unusual Access Time,Medium,Certainly bill great too song.,False
A0609,2025-03-15 04:30:38,u074,Phishing,High,Bad say event number local central billion past.,False
A0610,2025-03-24 22:09:49,u082,Privilege Escalation,Medium,Network control sound occur thousand.,True
A0611,2025-03-28 20:46:53,u100,Data Exfiltration,Critical,Challenge whether past couple.,False
A0612,2025-03-25 00:38:43,u002,Brute Force,Medium,High poor energy news.,False
A0613,2025-03-16 08:00:21,u017,Brute Force,High,Card culture help official.,True
A0614,2025-04-05 20:56:11,u033,Privilege Escalation,Medium,International when then play.,False
A0615,2025-04-01 15:16:27,u097,Phishing,Medium,Whole building newspaper candidate natural lead.,False
A0616,2025-03-27 20:06:26,u058,Privilege Escalation,Low,Relationship article other image free green name.,True
A0617,2025-04-06 14:59:29,u038,Brute Force,Critical,Lay upon hard hundred country.,False
A0618,2025-04-02 21:17:08,u044,Unusual Access Time,High,Down final add investment necessary.,True
A0619,2025-03-19 15:45:08,u052,Unusual Access Time,Low,Stuff police people country different prepare.,True
A0620,2025-04-09 16:45:25,u039,Phishing,Medium,Sign back arrive.,False
A0621,2025-03-29 18:01:10,u085,Data Exfiltration,Low,Wall beyond discussion stage another common.,False
A0622,2025-03-29 07:49:16,u078,Unusual Access Time,High,Old plan eight ahead stock hear worry box.,False
A0623,2025-04-12 04:05:40,u025,Data Exfiltration,Low,Behind may matter hope evening herself.,True
A0624,2025-04-11 01:06:39,u078,Data Exfiltration,High,Many product yet.,False
A0625,2025-03-29 04:40:54,u024,Phishing,Low,Teacher the particular history walk up attorney.,True
A0626,2025-04-12 03:58:30,u071,Brute Force,Low,Public hear fall bit.,False
A0627,2025-04-10 03:27:40,u001,Phishing,Critical,Reach write certain wide.,False
A0628,2025-03-31 14:07:42,u032,Brute Force,Low,Agency lose sing player old trouble.,True
A0629,2025-04-03 22:51:11,u024,Unusual Access Time,High,Summer air hundred clear.,False
A0630,2025-04-12 22:25:21,u041,Unusual Access Time,Low,Authority house never agent meet figure nearly.,False
A0631,2025-04-06 23:57:35,u070,Brute Force,Low,Physical administration culture generation.,False
A0632,2025-03-17 08:47:16,u015,Data Exfiltration,High,Well modern occur that.,False
A0633,2025-04-05 11:33:27,u065,Privilege Escalation,Low,Available minute floor may water group spend even.,True
A0634,2025-04-01 12:25:08,u013,Data Exfiltration,Low,Whose daughter purpose allow half indicate.,True
A0635,2025-03-24 04:51:14,u002,Unusual Access Time,Medium,Political natural road last.,False
A0636,2025-04-10 23:02:05,u011,Brute Force,Medium,Name situation west remain so expert.,False
A0637,2025-03-30 23:57:33,u009,Brute Force,Medium,Table lay white sign.,False
A0638,2025-03-19 00:50:25,u050,Unusual Access Time,High,Attack memory staff environmental shoulder.,True
A0639,2025-03-24 18:42:50,u062,Phishing,High,Modern force buy account simple child campaign.,False
A0640,2025-03-22 01:56:23,u041,Brute Force,Low,Factor describe theory sell.,False
A0641,2025-04-12 15:51:59,u090,Phishing,Low,For force mention opportunity.,False
A0642,2025-04-08 17:57:09,u051,Privilege Escalation,Low,Senior require first street.,False
A0643,2025-03-21 16:25:40,u006,Unusual Access Time,Medium,Prove theory bring computer show church.,False
A0644,2025-04-01 12:21:34,u023,Privilege Escalation,Low,Fill analysis hope safe picture film.,False
A0645,2025-04-08 05:30:38,u066,Phishing,Low,Organization each do consumer.,True
A0646,2025-03-19 00:46:52,u097,Data Exfiltration,High,Color station old turn bar avoid.,False
A0647,2025-04-10 19:54:44,u084,Data Exfiltration,High,Vote Democrat with nature.,True
A0648,2025-03-19 18:49:52,u080,Data Exfiltration,Medium,Past middle forward foreign.,False
A0649,2025-04-04 06:30:57,u078,Brute Force,Medium,Hold level audience school back keep outside general.,True
A0650,2025-03-20 12:16:34,u088,Privilege Escalation,Medium,Boy some away production development.,False
A0651,2025-03-16 14:16:16,u070,Unusual Access Time,Medium,Shake special current each certainly season region.,True
A0652,2025-03-24 02:55:29,u032,Privilege Escalation,Low,Yes bad citizen break.,False
A0653,2025-04-09 15:23:43,u035,Phishing,Low,Least tend society cold economy.,False
A0654,2025-03-29 00:57:13,u060,Unusual Access Time,Medium,Fight direction challenge adult later manage president.,False
A0655,2025-03-20 19:16:42,u021,Unusual Access Time,Low,Former join base court.,True
A0656,2025-04-10 12:51:59,u059,Privilege Escalation,Low,Author year letter fast yes ground everything.,True
A0657,2025-03-25 10:43:07,u015,Phishing,Low,Role base down his that.,True
A0658,2025-04-05 12:08:39,u044,Unusual Access Time,Medium,Baby social successful fight.,True
A0659,2025-04-10 08:45:51,u098,Phishing,Medium,Play success role partner management.,False
A0660,2025-04-07 13:04:52,u072,Brute Force,Medium,Sell present community direction today best skin.,False
A0661,2025-03-30 00:48:46,u034,Brute Force,Critical,Business team audience long.,False
A0662,2025-04-02 22:41:52,u082,Phishing,Low,Tax appear moment would.,False
A0663,2025-03-23 10:38:09,u021,Data Exfiltration,Low,Perform read production win.,True
A0664,2025-03-30 16:51:31,u021,Unusual Access Time,Medium,Great doctor common treat stay.,False
A0665,2025-04-13 03:19:19,u079,Unusual Access Time,High,Behavior each data money fall public.,False
A0666,2025-04-03 15:40:43,u062,Data Exfiltration,High,Watch for others wear pay.,True
A0667,2025-04-08 07:00:36,u060,Privilege Escalation,Low,Ball too particularly.,False
A0668,2025-04-04 11:56:15,u097,Privilege Escalation,Low,Event result along after.,True
A0669,2025-04-06 19:42:04,u038,Brute Force,Low,Whose result determine Republican he indeed.,True
A0670,2025-03-29 07:52:46,u040,Privilege Escalation,Low,Hand hear run available summer page.,False
A0671,2025-03-25 19:49:12,u003,Phishing,High,And black Republican sort heavy degree.,False
A0672,2025-04-07 11:34:36,u017,Data Exfiltration,Medium,Could consumer help area piece.,False
A0673,2025-03-19 07:30:01,u031,Data Exfiltration,Medium,Road north speech reason shoulder after control.,True
A0674,2025-04-06 14:25:39,u022,Brute Force,Low,Environmental save goal task mention author risk.,False
A0675,2025-04-08 20:23:24,u040,Unusual Access Time,High,International he mind around.,False
A0676,2025-04-05 03:27:32,u046,Brute Force,Medium,Serve like mention fight their fear.,False
A0677,2025-03-23 05:47:39,u058,Unusual Access Time,High,Produce almost chance recent.,False
A0678,2025-03-22 09:50:42,u096,Brute Force,High,Analysis nothing site class class.,False
A0679,2025-03-17 21:31:01,u036,Data Exfiltration,High,Former wife wrong nor political whose future realize.,False
A0680,2025-03-22 12:09:19,u071,Data Exfiltration,High,Accept main doctor ability.,False
A0681,2025-03-30 00:45:31,u027,Brute Force,Low,Marriage nation way may recent.,False
A0682,2025-03-24 00:36:02,u035,Data Exfiltration,Medium,Debate decade table visit.,True
A0683,2025-03-14 18:19:39,u097,Phishing,Low,Behind it only method rate.,True
A0684,2025-03-15 16:25:34,u093,Privilege Escalation,Medium,Significant share relate end blue remember account.,True
A0685,2025-04-02 15:02:45,u063,Data Exfiltration,Low,College discover first high.,False
A0686,2025-04-03 04:50:55,u097,Brute Force,High,Floor east expect he agreement special.,False
A0687,2025-04-02 17:13:30,u047,Unusual Access Time,High,Develop fund building hand gun trip one.,False
A0688,2025-04-03 07:23:25,u046,Unusual Access Time,Low,Drive team into arm relate.,True
A0689,2025-04-08 01:08:39,u074,Privilege Escalation,High,Seem put entire PM.,True
A0690,2025-03-14 18:50:39,u001,Brute Force,Low,Remain fact sense decade hear wide their south.,False
A0691,2025-03-19 11:50:08,u023,Unusual Access Time,Low,Interest program state certainly.,True
A0692,2025-04-02 04:55:25,u057,Brute Force,Low,Affect significant entire away case.,False
A0693,2025-03-27 17:29:12,u031,Brute Force,Low,Us back each decide.,False
A0694,2025-04-05 05:50:26,u059,Brute Force,Low,All herself degree.,True
A0695,2025-03-17 17:39:29,u084,Brute Force,Low,Billion movie eight leave for Mr forget.,True
A0696,2025-04-04 12:42:03,u054,Brute Force,Medium,Interest meet paper.,True
A0697,2025-03-15 03:13:20,u017,Phishing,Low,Across expert subject.,False
A0698,2025-03-15 11:31:58,u054,Unusual Access Time,Low,Book wonder development peace early.,True
A0699,2025-04-10 22:55:52,u034,Brute Force,Low,Many house often police resource season.,False
A0700,2025-03-18 02:28:45,u087,Privilege Escalation,Low,Should oil its mission claim improve value per.,True
A0701,2025-03-27 11:30:20,u040,Data Exfiltration,High,Enough responsibility significant.,False
A0702,2025-03-30 16:48:17,u047,Brute Force,Low,Left land rate consider research majority.,True
A0703,2025-03-31 12:38:54,u033,Brute Force,Critical,Control offer lot travel that.,True
A0704,2025-03-14 22:02:08,u065,Data Exfiltration,Low,City mother last score however reach serve.,False
A0705,2025-03-17 19:36:58,u003,Unusual Access Time,Medium,Affect guess million form interesting eat be.,True
A0706,2025-03-16 02:59:40,u033,Privilege Escalation,High,Yard hard stock fish.,False
A0707,2025-03-19 17:55:46,u034,Phishing,Medium,Collection reduce industry interview international continue baby foot.,True
A0708,2025-04-04 00:27:45,u070,Unusual Access Time,Medium,First himself idea behind.,False
A0709,2025-03-23 18:48:49,u057,Phishing,Low,About region industry hot member itself.,False
A0710,2025-04-05 13:33:52,u020,Data Exfiltration,High,Enter will quickly near discuss pressure.,False
A0711,2025-03-23 05:17:15,u076,Brute Force,High,Him window very daughter.,True
A0712,2025-03-29 12:08:50,u099,Data Exfiltration,Medium,Station team clearly so clear born.,False
A0713,2025-03-28 23:00:18,u033,Brute Force,Medium,Life meeting key daughter idea heart.,False
A0714,2025-03-20 19:51:26,u079,Brute Force,Low,Might here control major hope economy important much.,False
A0715,2025-04-07 00:09:00,u084,Privilege Escalation,Low,Boy move skill effect.,True
A0716,2025-04-08 16:54:03,u025,Phishing,Medium,People recent family I history exist.,True
A0717,2025-04-08 17:39:03,u034,Phishing,Critical,Opportunity memory discussion.,False
A0718,2025-04-06 08:28:23,u093,Unusual Access Time,Low,Bed option half whose model offer those.,True
A0719,2025-03-26 02:41:10,u018,Unusual Access Time,Critical,Floor employee drug type million assume.,False
A0720,2025-03-26 13:09:12,u043,Data Exfiltration,Medium,Five idea authority position recently site bed foot.,True
A0721,2025-04-12 07:34:52,u021,Data Exfiltration,Critical,Factor level best yes late listen admit.,False
A0722,2025-04-03 14:09:27,u021,Phishing,Critical,Sport both dream sell.,True
A0723,2025-04-03 16:15:58,u087,Data Exfiltration,Medium,Stand mother get safe paper ready north maybe.,False
A0724,2025-04-02 03:09:48,u090,Phishing,Medium,Tend art people physical.,True
A0725,2025-04-12 00:29:46,u009,Brute Force,Low,Consider international look prevent management.,False
A0726,2025-03-19 01:41:11,u057,Unusual Access Time,Medium,Agent ok see civil forward simply less campaign.,True
A0727,2025-04-03 00:31:54,u060,Data Exfiltration,Medium,They area threat image arm require.,False
A0728,2025-04-12 05:36:16,u070,Data Exfiltration,Medium,Popular probably play later stop bill southern.,False
A0729,2025-03-20 06:02:52,u073,Brute Force,Medium,Or activity agent matter mother seem.,True
A0730,2025-04-08 06:34:40,u039,Brute Force,Low,And society traditional suggest event organization.,False
A0731,2025-04-04 15:51:09,u081,Data Exfiltration,Low,Risk value two technology.,True
A0732,2025-03-31 11:59:49,u033,Data Exfiltration,Low,Boy break present authority son will.,True
A0733,2025-03-22 22:24:09,u033,Data Exfiltration,Low,Strong charge director compare might field meet.,True
A0734,2025-03-16 04:31:46,u035,Privilege Escalation,High,Today book support size city bar.,True
A0735,2025-03-21 12:35:24,u030,Data Exfiltration,Medium,These total sign know laugh.,True
A0736,2025-04-05 15:35:33,u028,Brute Force,Low,Administration main project.,True
A0737,2025-04-11 08:23:59,u053,Privilege Escalation,Medium,Its begin hair drive difference.,True
A0738,2025-03-28 12:50:57,u092,Data Exfiltration,Low,Get from land population fly season.,True
A0739,2025-03-30 13:42:19,u048,Privilege Escalation,High,Piece value education student line what.,True
A0740,2025-04-06 21:40:31,u022,Privilege Escalation,Low,Ready TV information black rule together take yes.,False
A0741,2025-03-29 18:46:07,u045,Phishing,High,Design no such believe middle.,True
A0742,2025-04-03 14:55:00,u093,Brute Force,Medium,Happen health learn west happy increase always for.,False
A0743,2025-04-10 05:27:53,u089,Unusual Access Time,Medium,Provide vote hotel check push fight case.,True
A0744,2025-03-21 22:05:03,u073,Brute Force,High,Style human western role modern stop blood listen.,False
A0745,2025-03-28 15:06:10,u053,Unusual Access Time,Medium,Civil positive same amount hear.,False
A0746,2025-03-27 00:07:28,u072,Privilege Escalation,Low,Activity born alone around.,True
A0747,2025-03-20 19:48:14,u016,Privilege Escalation,Low,I write up nice certainly.,False
A0748,2025-04-03 10:29:22,u058,Privilege Escalation,Low,So defense live.,True
A0749,2025-03-21 12:48:48,u091,Privilege Escalation,Medium,Friend job rather politics lay foot.,True
A0750,2025-03-30 19:46:47,u042,Privilege Escalation,Medium,Would unit nearly miss door commercial how.,True
A0751,2025-03-16 22:54:24,u090,Unusual Access Time,Low,Image leg quite improve kitchen hit imagine.,True
A0752,2025-03-15 15:11:50,u007,Unusual Access Time,Medium,Determine population power them authority attorney audience.,True
A0753,2025-03-16 17:07:54,u098,Brute Force,Low,Night find listen deal.,True
A0754,2025-03-25 16:18:57,u092,Data Exfiltration,High,Paper gun avoid within should notice.,True
A0755,2025-04-07 18:27:13,u098,Data Exfiltration,High,Building hot style might.,True
A0756,2025-03-28 05:03:46,u041,Unusual Access Time,Low,Into represent now various keep various south.,True
A0757,2025-03-21 16:33:28,u092,Unusual Access Time,Low,News particularly system side development edge.,False
A0758,2025-04-11 10:38:39,u006,Data Exfiltration,Medium,Common group example although study.,True
A0759,2025-04-05 17:58:42,u063,Privilege Escalation,Low,Security add service activity travel will way.,True
A0760,2025-03-31 23:19:46,u031,Unusual Access Time,Low,Accept number brother necessary.,True
A0761,2025-03-20 22:43:05,u048,Phishing,Critical,Need friend do among themselves station scientist.,False
A0762,2025-03-29 02:48:54,u016,Unusual Access Time,High,List she thing west growth important serve.,False
A0763,2025-03-23 04:12:22,u053,Data Exfiltration,High,Dark design treatment table.,True
A0764,2025-03-20 03:23:59,u090,Privilege Escalation,Critical,They join century old.,False
A0765,2025-03-22 02:12:15,u035,Phishing,Low,Tax relationship determine on follow.,True
A0766,2025-03-22 04:35:57,u007,Brute Force,Low,Hope action share make.,True
A0767,2025-03-17 12:51:47,u052,Unusual Access Time,Medium,Price behavior people.,True
A0768,2025-04-07 14:55:02,u094,Phishing,Medium,From purpose whom health deal among place.,True
A0769,2025-03-24 20:05:32,u075,Unusual Access Time,High,Short project two letter form character.,True
A0770,2025-04-12 07:17:40,u027,Unusual Access Time,Low,Particular describe help true.,True
A0771,2025-04-04 10:03:32,u073,Unusual Access Time,Low,Play system he friend action your.,False
A0772,2025-04-11 20:14:23,u088,Unusual Access Time,Medium,Himself study middle section nearly drive real.,True
A0773,2025-03-24 12:58:56,u043,Data Exfiltration,High,Wrong so list someone.,False
A0774,2025-04-02 21:21:55,u025,Brute Force,Low,Important into begin morning enough.,True
A0775,2025-03-19 04:20:09,u043,Brute Force,Medium,Support peace glass Mr my night this none.,True
A0776,2025-03-17 21:55:38,u085,Phishing,High,Same base site many cold firm push.,True
A0777,2025-03-29 19:04:39,u002,Privilege Escalation,Medium,Course or charge trouble within above rather bank.,False
A0778,2025-03-23 08:26:22,u030,Data Exfiltration,Medium,Reduce energy animal still by can this.,False
A0779,2025-03-29 10:12:03,u022,Privilege Escalation,Low,People open spend piece power.,False
A0780,2025-03-18 18:12:25,u011,Brute Force,Critical,Boy her environmental nation important decide notice.,True
A0781,2025-04-06 01:19:11,u053,Data Exfiltration,Low,Deal particularly night positive young how industry become.,False
A0782,2025-04-09 06:18:03,u093,Privilege Escalation,Medium,Speak agency class campaign.,True
A0783,2025-03-18 13:12:15,u042,Phishing,Low,Her market individual.,True
A0784,2025-04-10 12:28:52,u090,Unusual Access Time,Critical,On shoulder behavior purpose nor oil.,False
A0785,2025-03-30 15:30:40,u091,Brute Force,Medium,Building reduce pass gun choose single.,False
A0786,2025-03-27 13:09:11,u066,Brute Force,Low,Need fly north much drive report level.,False
A0787,2025-04-06 11:41:16,u087,Brute Force,Medium,Doctor above national experience soon tree work.,True
A0788,2025-03-20 15:47:39,u001,Phishing,Medium,College next son impact ask.,True
A0789,2025-04-05 16:50:00,u084,Unusual Access Time,Critical,Cell contain bring.,False
A0790,2025-04-07 22:33:39,u043,Privilege Escalation,Low,Notice know star teach sing against offer.,True
A0791,2025-03-30 18:53:07,u068,Brute Force,Low,Of stock life this drug.,True
A0792,2025-04-04 19:06:54,u054,Unusual Access Time,Low,Room recognize present pattern court.,False
A0793,2025-03-19 14:36:00,u092,Phishing,Medium,Walk letter amount difficult show.,True
A0794,2025-04-10 19:32:35,u044,Data Exfiltration,Low,Indeed top west increase little.,True
A0795,2025-04-12 05:41:34,u073,Privilege Escalation,Medium,Involve with piece particularly computer bank anyone.,True
A0796,2025-03-27 15:59:43,u081,Data Exfiltration,High,Couple fall order record type relate piece.,False
A0797,2025-03-28 20:01:49,u029,Phishing,Medium,Short run run somebody.,False
A0798,2025-04-11 00:15:47,u076,Unusual Access Time,Low,Accept discuss leave political pressure.,False
A0799,2025-04-02 04:55:09,u089,Privilege Escalation,Low,Professional book forward light why page popular.,False
A0800,2025-03-23 14:31:54,u030,Unusual Access Time,High,Day source court relationship.,True
A0801,2025-03-20 21:02:56,u085,Privilege Escalation,Low,Mention treatment imagine community value.,True
A0802,2025-03-16 17:54:39,u017,Brute Force,High,Instead morning agree either half official mention.,False
A0803,2025-03-23 07:00:33,u057,Data Exfiltration,Medium,Young compare kid themselves road person national.,True
A0804,2025-04-01 05:10:30,u035,Privilege Escalation,Critical,Old pick charge person rock as.,False
A0805,2025-03-14 16:08:36,u089,Privilege Escalation,Low,Suffer agency nor remain threat him.,True
A0806,2025-04-02 21:05:41,u082,Unusual Access Time,Low,Ok produce again leg field.,True
A0807,2025-03-15 05:59:55,u067,Phishing,Low,Sing hour offer report after build.,False
A0808,2025-04-09 01:07:40,u076,Data Exfiltration,Low,Green various part kitchen store medical.,True
A0809,2025-03-15 00:46:14,u003,Unusual Access Time,High,Note respond magazine speech music.,False
A0810,2025-03-25 06:39:34,u062,Phishing,Medium,Guess move add standard south.,False
A0811,2025-04-03 16:47:21,u098,Unusual Access Time,Medium,Mission scene decision affect choose great.,False
A0812,2025-03-24 16:34:23,u097,Brute Force,Critical,Front decade remain up people road.,True
A0813,2025-04-05 11:45:29,u019,Data Exfiltration,Critical,Some friend cold major sister.,True
A0814,2025-04-10 10:40:43,u097,Privilege Escalation,Low,Shake box letter school person purpose.,True
A0815,2025-03-16 21:34:49,u051,Brute Force,Low,Task language at take side red.,True
A0816,2025-03-21 06:39:20,u058,Phishing,High,Commercial generation without wonder.,False
A0817,2025-03-24 16:23:50,u011,Unusual Access Time,Low,Whom feeling inside decision.,False
A0818,2025-03-16 00:03:50,u094,Brute Force,Medium,Study share agree great statement.,False
A0819,2025-04-12 16:33:03,u050,Brute Force,Critical,Which total action can process.,True
A0820,2025-03-28 12:45:17,u006,Data Exfiltration,High,Data anything executive there.,True
A0821,2025-03-27 06:14:45,u027,Phishing,Medium,On bar improve material.,False
A0822,2025-04-01 12:17:21,u019,Unusual Access Time,Low,Return everything bill clear film often realize account.,False
A0823,2025-04-10 12:57:27,u051,Data Exfiltration,Critical,South more interesting what unit visit.,True
A0824,2025-04-13 15:26:37,u027,Unusual Access Time,High,Off good much spend.,True
A0825,2025-04-11 12:39:20,u014,Unusual Access Time,Low,Commercial address artist strong page.,False
A0826,2025-04-03 11:17:10,u067,Phishing,Low,Score share push kid write box.,False
A0827,2025-04-02 09:00:15,u087,Phishing,Medium,Culture sometimes happy she table.,False
A0828,2025-04-11 15:15:54,u004,Unusual Access Time,Critical,General culture others general recently way.,True
A0829,2025-04-02 02:12:26,u060,Brute Force,High,Under machine could suddenly.,False
A0830,2025-04-07 18:01:47,u069,Brute Force,Medium,Reflect shoulder every to worker treat.,True
A0831,2025-04-03 17:41:06,u011,Data Exfiltration,Low,Now indeed treat develop.,True
A0832,2025-04-02 20:13:38,u066,Unusual Access Time,Medium,Market tree ahead major good follow.,False
A0833,2025-03-25 09:51:25,u016,Unusual Access Time,Low,Pass prove responsibility.,True
A0834,2025-03-16 14:52:04,u008,Phishing,High,Yet option my serve bed some.,False
A0835,2025-03-16 12:53:13,u094,Unusual Access Time,Medium,Talk begin recently laugh same way process.,False
A0836,2025-03-15 23:03:14,u061,Unusual Access Time,Critical,Popular maybe read model perhaps his already.,False
A0837,2025-03-26 01:11:23,u094,Privilege Escalation,Medium,Fact miss left including.,True
A0838,2025-03-20 03:46:40,u096,Data Exfiltration,Low,Lawyer light run decision not worker.,False
A0839,2025-03-27 22:59:23,u096,Data Exfiltration,High,Summer decision into fine if live.,True
A0840,2025-04-10 17:45:09,u092,Privilege Escalation,Low,Hospital small some.,False
A0841,2025-03-15 03:59:04,u065,Brute Force,High,Movie perform much special.,False
A0842,2025-04-09 03:06:38,u061,Phishing,Low,Major meet southern during behind.,True
A0843,2025-04-08 05:16:36,u083,Unusual Access Time,High,Direction he democratic me must whose pressure.,True
A0844,2025-03-20 19:14:09,u092,Data Exfiltration,Low,Usually wrong no explain.,True
A0845,2025-03-20 00:25:35,u080,Brute Force,Low,Stop letter response top north method position.,False
A0846,2025-04-03 03:08:04,u042,Phishing,Low,End town analysis real run special suggest mission.,True
A0847,2025-03-17 23:51:41,u056,Data Exfiltration,Low,Last simply dark life girl.,True
A0848,2025-03-21 03:21:13,u065,Data Exfiltration,High,Coach explain charge other her mouth candidate.,True
A0849,2025-04-08 16:30:52,u029,Brute Force,Low,Hot affect friend glass home six.,True
A0850,2025-03-27 22:11:47,u094,Unusual Access Time,High,Time you man so officer.,False
A0851,2025-03-23 12:48:25,u052,Unusual Access Time,High,Add religious sing week alone brother herself very.,False
A0852,2025-03-23 04:59:37,u072,Data Exfiltration,Low,Order maintain place course.,True
A0853,2025-03-21 08:03:21,u005,Privilege Escalation,Low,Decade candidate officer rate detail voice.,True
A0854,2025-03-27 10:39:38,u057,Brute Force,Low,Land firm tax win look near film pay.,True
A0855,2025-03-26 20:29:46,u081,Data Exfiltration,Low,Professor travel move.,True
A0856,2025-03-17 15:54:17,u008,Unusual Access Time,Low,There scientist let.,False
A0857,2025-04-06 22:03:46,u020,Phishing,High,Sister gas face offer administration indicate answer.,True
A0858,2025-03-21 06:25:51,u096,Privilege Escalation,Medium,Perhaps data tend name effect lot give.,True
A0859,2025-04-07 09:18:01,u015,Privilege Escalation,Medium,Contain suddenly between why result imagine.,False
A0860,2025-03-17 16:36:29,u005,Privilege Escalation,High,Customer owner decision wish offer difficult particular.,True
A0861,2025-03-25 15:02:58,u026,Privilege Escalation,Medium,Effect read seat impact would general wall about.,True
A0862,2025-03-27 06:30:00,u100,Unusual Access Time,Low,Why response young group carry foot.,True
A0863,2025-04-09 00:21:33,u034,Data Exfiltration,Medium,Red arm unit event wrong time keep.,False
A0864,2025-04-02 03:14:24,u020,Phishing,High,Keep choice truth pass painting from next.,False
A0865,2025-03-27 13:16:51,u085,Unusual Access Time,Low,Spring message focus kind value conference.,False
A0866,2025-04-05 19:20:57,u039,Privilege Escalation,Low,Development decision focus north low.,False
A0867,2025-03-31 06:40:35,u056,Unusual Access Time,Low,Make economy today few of recent mother season.,True
A0868,2025-03-19 03:44:03,u008,Phishing,Low,Carry education room line because conference street.,True
A0869,2025-03-30 17:16:30,u019,Phishing,High,Describe need eight high.,True
A0870,2025-04-09 00:09:12,u029,Privilege Escalation,Medium,Say us level why.,False
A0871,2025-03-16 06:51:32,u068,Data Exfiltration,Medium,Program food center move lay dark really.,False
A0872,2025-03-15 17:28:10,u026,Privilege Escalation,Low,City write both necessary.,False
A0873,2025-04-01 23:22:10,u090,Phishing,Medium,Six alone development.,False
A0874,2025-03-17 15:34:51,u021,Brute Force,High,May include pressure political research.,True
A0875,2025-03-31 23:45:14,u087,Phishing,Medium,Economic pay back play language have hear citizen.,True
A0876,2025-03-22 04:36:32,u047,Phishing,High,Could risk with more price.,False
A0877,2025-04-07 21:08:43,u022,Privilege Escalation,High,Market moment nice.,False
A0878,2025-04-03 23:21:54,u061,Phishing,Medium,Partner vote out them few.,False
A0879,2025-03-17 03:10:34,u056,Brute Force,Low,Admit table personal fast.,False
A0880,2025-03-16 23:40:46,u017,Data Exfiltration,Critical,Development right son real around soon stay fight.,True
A0881,2025-03-26 16:25:44,u084,Privilege Escalation,High,Government throw peace long policy not style.,True
A0882,2025-04-05 19:56:05,u046,Data Exfiltration,Low,Visit employee better.,False
A0883,2025-03-31 17:06:58,u022,Unusual Access Time,High,If occur bit what provide training allow.,False
A0884,2025-03-18 23:42:45,u080,Data Exfiltration,Low,Poor according paper discover place.,True
A0885,2025-04-01 00:36:59,u005,Brute Force,High,Force agreement question.,False
A0886,2025-04-08 15:13:16,u068,Privilege Escalation,Medium,Force wrong allow mission sea.,True
A0887,2025-04-13 10:55:47,u097,Data Exfiltration,Medium,Both let save much force team other.,False
A0888,2025-03-16 08:08:01,u088,Data Exfiltration,Medium,Senior former less understand skill bit friend.,False
A0889,2025-04-08 19:41:50,u071,Data Exfiltration,Medium,Well health table this skin reflect.,False
A0890,2025-04-10 02:41:59,u059,Phishing,Low,Attack Mr case hand dog manager catch.,True
A0891,2025-03-28 05:54:47,u039,Brute Force,Critical,Certain for everybody society.,True
A0892,2025-03-16 16:45:54,u086,Unusual Access Time,Medium,Less someone whatever.,True
A0893,2025-03-31 17:14:17,u048,Privilege Escalation,Medium,Already world specific include music environment likely.,False
A0894,2025-03-18 17:08:35,u026,Brute Force,Low,What professional cover various second report certain possible.,False
A0895,2025-04-02 05:01:27,u040,Brute Force,High,Large two leader.,False
A0896,2025-03-30 10:18:34,u081,Privilege Escalation,Low,Color executive model early.,True
A0897,2025-04-03 07:54:20,u020,Phishing,Medium,Cup true let tough.,False
A0898,2025-03-22 19:47:13,u039,Unusual Access Time,Critical,In book buy information life near.,False
A0899,2025-03-30 12:24:30,u068,Privilege Escalation,Low,Group all lead hard.,True
A0900,2025-04-08 00:48:07,u052,Brute Force,Low,Structure public include return.,False
A0901,2025-03-19 01:01:01,u013,Unusual Access Time,Medium,Style board reflect wear similar Congress economic.,False
A0902,2025-04-12 09:05:17,u085,Unusual Access Time,Medium,Feel fill about article lead air.,False
A0903,2025-03-21 07:04:12,u020,Phishing,Low,Hard indeed example part area fire fight.,False
A0904,2025-03-22 03:52:38,u092,Phishing,Low,Sing quality relationship say poor.,True
A0905,2025-03-22 06:22:52,u018,Unusual Access Time,Low,Positive air collection work sign.,False
A0906,2025-03-16 02:41:12,u082,Privilege Escalation,Medium,Method impact college hot under box whose.,True
A0907,2025-04-03 20:05:40,u060,Data Exfiltration,High,Certainly everyone report second rock.,False
A0908,2025-04-07 22:14:59,u030,Unusual Access Time,Medium,Human southern huge player.,False
A0909,2025-04-08 02:25:13,u012,Privilege Escalation,Critical,Ago ask half however suddenly.,False
A0910,2025-03-19 03:37:29,u088,Phishing,High,Mr media Democrat level well than.,True
A0911,2025-03-23 22:54:28,u085,Unusual Access Time,Low,Place history drop series middle thank.,False
A0912,2025-04-02 09:31:40,u041,Brute Force,Critical,Find great medical discover even while.,False
A0913,2025-04-01 10:37:36,u009,Privilege Escalation,Low,Speech green camera authority dark.,False
A0914,2025-03-17 05:11:30,u036,Data Exfiltration,High,Modern go rest inside mind especially.,False
A0915,2025-03-15 17:54:15,u001,Phishing,High,Measure action because door teacher.,True
A0916,2025-04-02 12:01:04,u016,Unusual Access Time,Medium,East suffer child four his need give.,False
A0917,2025-03-29 20:37:13,u028,Privilege Escalation,Medium,Citizen hope real security window picture.,True
A0918,2025-04-12 11:47:11,u082,Brute Force,Medium,Young although end.,False
A0919,2025-03-20 15:13:58,u030,Brute Force,Low,Out still many.,True
A0920,2025-03-26 07:10:32,u091,Privilege Escalation,High,Candidate recent professional professional remain recognize anyone understand.,False
A0921,2025-04-10 10:59:37,u044,Unusual Access Time,Critical,Political though side than tonight dog beautiful.,True
A0922,2025-03-31 10:50:46,u019,Unusual Access Time,Low,Floor owner nearly learn until area news floor.,False
A0923,2025-04-07 02:03:10,u016,Phishing,Medium,Task left professional attorney study store.,True
A0924,2025-03-28 02:25:25,u047,Data Exfiltration,High,Character nature carry our fund experience.,True
A0925,2025-04-02 11:59:16,u094,Brute Force,Medium,Local usually street sing officer trip last.,True
A0926,2025-03-23 01:16:11,u098,Privilege Escalation,Medium,Indicate step imagine catch parent seem against.,False
A0927,2025-03-24 14:32:11,u019,Privilege Escalation,Low,East quickly PM new.,False
A0928,2025-04-05 22:39:52,u018,Privilege Escalation,Low,Head should order impact within himself could.,False
A0929,2025-04-08 08:34:48,u046,Unusual Access Time,High,Outside cover happy office myself himself.,False
A0930,2025-03-14 19:57:07,u096,Phishing,Medium,Answer front which thing they.,False
A0931,2025-04-04 15:27:02,u088,Phishing,Low,Improve clearly though important pass.,True
A0932,2025-03-17 08:10:05,u051,Phishing,Low,Quickly then financial people prove can station.,True
A0933,2025-04-03 00:09:19,u088,Brute Force,Low,Audience type play exactly those.,False
A0934,2025-03-29 03:28:41,u009,Phishing,Critical,Subject particularly high contain like occur become.,True
A0935,2025-03-22 11:21:59,u029,Data Exfiltration,Medium,Method job small much public across expert.,False
A0936,2025-03-29 23:21:22,u068,Phishing,Low,Series though early tend effort college.,False
A0937,2025-04-11 23:28:43,u065,Data Exfiltration,High,Certain step similar point prove.,True
A0938,2025-04-03 14:00:11,u072,Unusual Access Time,Critical,Check religious teach free beyond pay style.,False
A0939,2025-03-16 01:34:21,u068,Privilege Escalation,Critical,Federal receive easy outside.,True
A0940,2025-03-20 16:15:37,u040,Phishing,Critical,Church act main too.,True
A0941,2025-03-21 10:14:22,u036,Data Exfiltration,Critical,Father vote writer behind wide.,False
A0942,2025-03-16 14:39:31,u015,Data Exfiltration,Low,Owner while forget eight look concern.,True
A0943,2025-03-23 11:01:04,u045,Phishing,Low,Reason story sea avoid goal view few.,False
A0944,2025-03-18 18:53:18,u026,Data Exfiltration,High,Strong front you coach note.,False
A0945,2025-03-16 19:58:18,u093,Data Exfiltration,Medium,Star individual decision yes end.,False
A0946,2025-03-24 17:11:29,u083,Phishing,Medium,Left serious firm indicate.,False
A0947,2025-03-16 23:16:31,u033,Privilege Escalation,Low,Dinner likely easy.,True
A0948,2025-03-26 10:12:06,u078,Data Exfiltration,Medium,Research system whatever nothing up wind.,True
A0949,2025-04-01 21:56:32,u072,Unusual Access Time,Medium,Choose new recognize place tend.,False
A0950,2025-03-15 11:45:56,u009,Unusual Access Time,High,Film benefit attention myself onto class.,False
A0951,2025-04-13 01:32:19,u032,Privilege Escalation,Medium,Official our a law both claim.,True
A0952,2025-03-16 13:55:19,u088,Brute Force,Low,Position drive within rock short.,False
A0953,2025-04-01 14:02:49,u054,Unusual Access Time,Low,Would whom everyone product.,True
A0954,2025-03-23 11:43:23,u033,Phishing,Medium,Pull number note break suffer safe much.,True
A0955,2025-04-05 06:14:54,u050,Brute Force,Low,Moment world hear media.,True
A0956,2025-03-29 20:43:23,u026,Data Exfiltration,Low,Network today story yard good drug know.,True
A0957,2025-04-08 20:15:24,u079,Unusual Access Time,High,Region pay almost.,False
A0958,2025-04-03 23:38:37,u078,Unusual Access Time,Medium,Memory north clearly identify.,False
A0959,2025-03-28 01:10:43,u072,Unusual Access Time,High,Certainly decision lay market difference.,False
A0960,2025-03-24 18:26:10,u043,Unusual Access Time,Low,Evening network hair.,False
A0961,2025-03-24 01:23:41,u082,Privilege Escalation,Low,Military realize sport executive door benefit include.,True
A0962,2025-04-11 20:15:36,u007,Data Exfiltration,Low,Finally fact situation that practice officer police.,True
A0963,2025-03-15 02:24:48,u061,Unusual Access Time,Medium,Past institution law area inside huge could.,False
A0964,2025-03-16 06:59:30,u005,Privilege Escalation,Low,Realize whom picture example.,True
A0965,2025-04-12 00:39:50,u071,Data Exfiltration,High,Knowledge field question now reduce myself.,True
A0966,2025-04-02 03:37:58,u071,Privilege Escalation,High,Window program case leader raise early.,True
A0967,2025-03-29 18:59:04,u056,Privilege Escalation,Low,Relationship already team grow which.,True
A0968,2025-04-10 09:44:22,u029,Data Exfiltration,High,Practice to point threat.,False
A0969,2025-03-15 08:51:58,u082,Brute Force,Critical,Best type tend culture.,True
A0970,2025-03-17 13:29:18,u001,Brute Force,Medium,Energy significant cause service can treatment.,False
A0971,2025-03-31 23:22:45,u006,Privilege Escalation,High,Outside language good he probably doctor mean.,False
A0972,2025-03-15 05:47:07,u015,Brute Force,Low,Democratic pay better together although song away.,False
A0973,2025-03-28 12:56:25,u043,Phishing,Critical,New much imagine performance then way.,False
A0974,2025-04-07 17:08:08,u004,Unusual Access Time,Medium,Debate hear partner value wear.,True
A0975,2025-04-11 04:13:54,u004,Brute Force,Low,Along sure yet language red other.,True
A0976,2025-03-22 19:49:29,u040,Phishing,Medium,Begin out admit forward myself free.,True
A0977,2025-04-11 14:49:12,u042,Phishing,High,Culture last culture audience evidence sell society.,False
A0978,2025-03-31 12:19:57,u095,Brute Force,Medium,Behavior particular loss case move.,False
A0979,2025-04-11 00:21:47,u094,Privilege Escalation,Low,Manager fund police defense lead.,True
A0980,2025-03-21 17:59:54,u063,Phishing,High,Without try action deal cell show for.,True
A0981,2025-03-25 22:16:30,u008,Privilege Escalation,Low,Policy fact matter industry thought.,False
A0982,2025-03-29 11:31:39,u058,Phishing,Low,Thank bank simply teach garden.,False
A0983,2025-03-15 01:17:49,u084,Brute Force,Medium,Suddenly wind suffer.,False
A0984,2025-03-28 16:27:01,u073,Data Exfiltration,High,Space cultural large before political class.,True
A0985,2025-04-01 00:25:26,u068,Brute Force,Low,Not fill good put although.,True
A0986,2025-03-22 21:40:10,u089,Brute Force,Low,Lead clear physical be off.,True
A0987,2025-03-20 19:39:44,u056,Brute Force,Low,Subject space analysis finally.,False
A0988,2025-03-19 06:26:52,u057,Brute Force,Low,Fire month will eye alone meeting.,True
A0989,2025-04-10 20:12:00,u003,Data Exfiltration,Low,Factor manager against may factor nation.,False
A0990,2025-04-11 21:11:12,u033,Phishing,Low,Exactly kid teacher.,True
A0991,2025-03-26 15:42:31,u085,Phishing,Medium,Yourself type speech.,False
A0992,2025-03-16 22:35:36,u043,Phishing,Low,Process until brother strong star treatment.,False
A0993,2025-04-03 19:53:49,u095,Unusual Access Time,High,Top improve improve political.,True
A0994,2025-04-01 07:10:40,u002,Data Exfiltration,High,To plant candidate certain.,False
A0995,2025-03-28 20:45:56,u089,Phishing,Medium,National cost edge could able.,False
A0996,2025-03-19 20:20:38,u091,Brute Force,Low,Movie daughter day nature example report foot.,True
A0997,2025-03-31 22:10:45,u019,Privilege Escalation,Low,Somebody for sound medical.,True
A0998,2025-03-26 13:11:40,u041,Data Exfiltration,High,Every fine let action nation.,False
A0999,2025-04-01 13:01:43,u046,Unusual Access Time,Low,Sound no answer increase true return.,False
A1000,2025-04-11 01:12:27,u069,Data Exfiltration,Medium,By traditional perform.,False
